"year_ce","record_count","target_or_required_bridge","material_density","source_limit","uncovered_event_type","supplementation_route","gap_status"
"1368","18","Retain 18 records; add a cross-actor bridge only where a dated, locatable source supports it.","High for court chronology in the Veritable Records; local, frontier, and household evidence is uneven.","Court selection and later compilation do not establish local execution, social cost, or complete frontier perspectives.","Local execution, labor, household movement, and non-elite perspectives remain unevenly visible.","Cross-check dated Veritable Records entries with local gazetteers, inscriptions, contracts, and external records; do not infer absent local experience.","represented"
"1369","11","Retain 11 records; add a cross-actor bridge only where a dated, locatable source supports it.","High for court chronology in the Veritable Records; local, frontier, and household evidence is uneven.","Court selection and later compilation do not establish local execution, social cost, or complete frontier perspectives.","Local execution, labor, household movement, and non-elite perspectives remain unevenly visible.","Cross-check dated Veritable Records entries with local gazetteers, inscriptions, contracts, and external records; do not infer absent local experience.","represented"
"1370","9","Retain 9 records; add a cross-actor bridge only where a dated, locatable source supports it.","High for court chronology in the Veritable Records; local, frontier, and household evidence is uneven.","Court selection and later compilation do not establish local execution, social cost, or complete frontier perspectives.","Local execution, labor, household movement, and non-elite perspectives remain unevenly visible.","Cross-check dated Veritable Records entries with local gazetteers, inscriptions, contracts, and external records; do not infer absent local experience.","represented"
"1371","6","Retain 6 records; add a cross-actor bridge only where a dated, locatable source supports it.","High for court chronology in the Veritable Records; local, frontier, and household evidence is uneven.","Court selection and later compilation do not establish local execution, social cost, or complete frontier perspectives.","Local execution, labor, household movement, and non-elite perspectives remain unevenly visible.","Cross-check dated Veritable Records entries with local gazetteers, inscriptions, contracts, and external records; do not infer absent local experience.","represented"
"1372","7","Retain 7 records; add a cross-actor bridge only where a dated, locatable source supports it.","High for court chronology in the Veritable Records; local, frontier, and household evidence is uneven.","Court selection and later compilation do not establish local execution, social cost, or complete frontier perspectives.","Local execution, labor, household movement, and non-elite perspectives remain unevenly visible.","Cross-check dated Veritable Records entries with local gazetteers, inscriptions, contracts, and external records; do not infer absent local experience.","represented"
"1373","5","Retain 5 records; add a cross-actor bridge only where a dated, locatable source supports it.","High for court chronology in the Veritable Records; local, frontier, and household evidence is uneven.","Court selection and later compilation do not establish local execution, social cost, or complete frontier perspectives.","Local execution, labor, household movement, and non-elite perspectives remain unevenly visible.","Cross-check dated Veritable Records entries with local gazetteers, inscriptions, contracts, and external records; do not infer absent local experience.","represented"
"1374","4","Threshold met: added 1 dated source-aware bridge event(s); retain the stated source limits.","High for court chronology in the Veritable Records; local, frontier, and household evidence is uneven.","Court selection and later compilation do not establish local execution, social cost, or complete frontier perspectives.","Local execution, labor, household movement, and non-elite perspectives remain unevenly visible.","Bridge entries cite the relevant Veritable Records year entry with corroborating source where available; do not expand their claims beyond the recorded action.","represented"
"1375","4","Threshold met: added 1 dated source-aware bridge event(s); retain the stated source limits.","High for court chronology in the Veritable Records; local, frontier, and household evidence is uneven.","Court selection and later compilation do not establish local execution, social cost, or complete frontier perspectives.","Local execution, labor, household movement, and non-elite perspectives remain unevenly visible.","Bridge entries cite the relevant Veritable Records year entry with corroborating source where available; do not expand their claims beyond the recorded action.","represented"
"1376","6","Retain 6 records; add a cross-actor bridge only where a dated, locatable source supports it.","High for court chronology in the Veritable Records; local, frontier, and household evidence is uneven.","Court selection and later compilation do not establish local execution, social cost, or complete frontier perspectives.","Local execution, labor, household movement, and non-elite perspectives remain unevenly visible.","Cross-check dated Veritable Records entries with local gazetteers, inscriptions, contracts, and external records; do not infer absent local experience.","represented"
"1377","4","Threshold met: added 1 dated source-aware bridge event(s); retain the stated source limits.","High for court chronology in the Veritable Records; local, frontier, and household evidence is uneven.","Court selection and later compilation do not establish local execution, social cost, or complete frontier perspectives.","Local execution, labor, household movement, and non-elite perspectives remain unevenly visible.","Bridge entries cite the relevant Veritable Records year entry with corroborating source where available; do not expand their claims beyond the recorded action.","represented"
"1378","4","Threshold met: added 1 dated source-aware bridge event(s); retain the stated source limits.","High for court chronology in the Veritable Records; local, frontier, and household evidence is uneven.","Court selection and later compilation do not establish local execution, social cost, or complete frontier perspectives.","Local execution, labor, household movement, and non-elite perspectives remain unevenly visible.","Bridge entries cite the relevant Veritable Records year entry with corroborating source where available; do not expand their claims beyond the recorded action.","represented"
"1379","4","Threshold met: added 1 dated source-aware bridge event(s); retain the stated source limits.","High for court chronology in the Veritable Records; local, frontier, and household evidence is uneven.","Court selection and later compilation do not establish local execution, social cost, or complete frontier perspectives.","Local execution, labor, household movement, and non-elite perspectives remain unevenly visible.","Bridge entries cite the relevant Veritable Records year entry with corroborating source where available; do not expand their claims beyond the recorded action.","represented"
"1380","4","Threshold met: added 1 dated source-aware bridge event(s); retain the stated source limits.","High for court chronology in the Veritable Records; local, frontier, and household evidence is uneven.","Court selection and later compilation do not establish local execution, social cost, or complete frontier perspectives.","Local execution, labor, household movement, and non-elite perspectives remain unevenly visible.","Bridge entries cite the relevant Veritable Records year entry with corroborating source where available; do not expand their claims beyond the recorded action.","represented"
"1381","4","Threshold met: added 1 dated source-aware bridge event(s); retain the stated source limits.","High for court chronology in the Veritable Records; local, frontier, and household evidence is uneven.","Court selection and later compilation do not establish local execution, social cost, or complete frontier perspectives.","Local execution, labor, household movement, and non-elite perspectives remain unevenly visible.","Bridge entries cite the relevant Veritable Records year entry with corroborating source where available; do not expand their claims beyond the recorded action.","represented"
"1382","4","Threshold met: added 2 dated source-aware bridge event(s); retain the stated source limits.","High for court chronology in the Veritable Records; local, frontier, and household evidence is uneven.","Court selection and later compilation do not establish local execution, social cost, or complete frontier perspectives.","Local execution, labor, household movement, and non-elite perspectives remain unevenly visible.","Bridge entries cite the relevant Veritable Records year entry with corroborating source where available; do not expand their claims beyond the recorded action.","represented"
"1383","4","Threshold met: added 2 dated source-aware bridge event(s); retain the stated source limits.","High for court chronology in the Veritable Records; local, frontier, and household evidence is uneven.","Court selection and later compilation do not establish local execution, social cost, or complete frontier perspectives.","Local execution, labor, household movement, and non-elite perspectives remain unevenly visible.","Bridge entries cite the relevant Veritable Records year entry with corroborating source where available; do not expand their claims beyond the recorded action.","represented"
"1384","4","Threshold met: added 2 dated source-aware bridge event(s); retain the stated source limits.","High for court chronology in the Veritable Records; local, frontier, and household evidence is uneven.","Court selection and later compilation do not establish local execution, social cost, or complete frontier perspectives.","Local execution, labor, household movement, and non-elite perspectives remain unevenly visible.","Bridge entries cite the relevant Veritable Records year entry with corroborating source where available; do not expand their claims beyond the recorded action.","represented"
"1385","5","Retain 5 records; add a cross-actor bridge only where a dated, locatable source supports it.","High for court chronology in the Veritable Records; local, frontier, and household evidence is uneven.","Court selection and later compilation do not establish local execution, social cost, or complete frontier perspectives.","Local execution, labor, household movement, and non-elite perspectives remain unevenly visible.","Cross-check dated Veritable Records entries with local gazetteers, inscriptions, contracts, and external records; do not infer absent local experience.","represented"
"1386","4","Threshold met: added 2 dated source-aware bridge event(s); retain the stated source limits.","High for court chronology in the Veritable Records; local, frontier, and household evidence is uneven.","Court selection and later compilation do not establish local execution, social cost, or complete frontier perspectives.","Local execution, labor, household movement, and non-elite perspectives remain unevenly visible.","Bridge entries cite the relevant Veritable Records year entry with corroborating source where available; do not expand their claims beyond the recorded action.","represented"
"1387","4","Threshold met: added 1 dated source-aware bridge event(s); retain the stated source limits.","High for court chronology in the Veritable Records; local, frontier, and household evidence is uneven.","Court selection and later compilation do not establish local execution, social cost, or complete frontier perspectives.","Local execution, labor, household movement, and non-elite perspectives remain unevenly visible.","Bridge entries cite the relevant Veritable Records year entry with corroborating source where available; do not expand their claims beyond the recorded action.","represented"
"1388","4","Threshold met: added 1 dated source-aware bridge event(s); retain the stated source limits.","High for court chronology in the Veritable Records; local, frontier, and household evidence is uneven.","Court selection and later compilation do not establish local execution, social cost, or complete frontier perspectives.","Local execution, labor, household movement, and non-elite perspectives remain unevenly visible.","Bridge entries cite the relevant Veritable Records year entry with corroborating source where available; do not expand their claims beyond the recorded action.","represented"
"1389","4","Threshold met: added 2 dated source-aware bridge event(s); retain the stated source limits.","High for court chronology in the Veritable Records; local, frontier, and household evidence is uneven.","Court selection and later compilation do not establish local execution, social cost, or complete frontier perspectives.","Local execution, labor, household movement, and non-elite perspectives remain unevenly visible.","Bridge entries cite the relevant Veritable Records year entry with corroborating source where available; do not expand their claims beyond the recorded action.","represented"
"1390","4","Threshold met: added 2 dated source-aware bridge event(s); retain the stated source limits.","High for court chronology in the Veritable Records; local, frontier, and household evidence is uneven.","Court selection and later compilation do not establish local execution, social cost, or complete frontier perspectives.","Local execution, labor, household movement, and non-elite perspectives remain unevenly visible.","Bridge entries cite the relevant Veritable Records year entry with corroborating source where available; do not expand their claims beyond the recorded action.","represented"
"1391","4","Threshold met: added 2 dated source-aware bridge event(s); retain the stated source limits.","High for court chronology in the Veritable Records; local, frontier, and household evidence is uneven.","Court selection and later compilation do not establish local execution, social cost, or complete frontier perspectives.","Local execution, labor, household movement, and non-elite perspectives remain unevenly visible.","Bridge entries cite the relevant Veritable Records year entry with corroborating source where available; do not expand their claims beyond the recorded action.","represented"
"1392","4","Threshold met: added 2 dated source-aware bridge event(s); retain the stated source limits.","High for court chronology in the Veritable Records; local, frontier, and household evidence is uneven.","Court selection and later compilation do not establish local execution, social cost, or complete frontier perspectives.","Local execution, labor, household movement, and non-elite perspectives remain unevenly visible.","Bridge entries cite the relevant Veritable Records year entry with corroborating source where available; do not expand their claims beyond the recorded action.","represented"
"1393","4","Threshold met: added 2 dated source-aware bridge event(s); retain the stated source limits.","High for court chronology in the Veritable Records; local, frontier, and household evidence is uneven.","Court selection and later compilation do not establish local execution, social cost, or complete frontier perspectives.","Local execution, labor, household movement, and non-elite perspectives remain unevenly visible.","Bridge entries cite the relevant Veritable Records year entry with corroborating source where available; do not expand their claims beyond the recorded action.","represented"
"1394","4","Threshold met: added 2 dated source-aware bridge event(s); retain the stated source limits.","High for court chronology in the Veritable Records; local, frontier, and household evidence is uneven.","Court selection and later compilation do not establish local execution, social cost, or complete frontier perspectives.","Local execution, labor, household movement, and non-elite perspectives remain unevenly visible.","Bridge entries cite the relevant Veritable Records year entry with corroborating source where available; do not expand their claims beyond the recorded action.","represented"
"1395","4","Threshold met: added 2 dated source-aware bridge event(s); retain the stated source limits.","High for court chronology in the Veritable Records; local, frontier, and household evidence is uneven.","Court selection and later compilation do not establish local execution, social cost, or complete frontier perspectives.","Local execution, labor, household movement, and non-elite perspectives remain unevenly visible.","Bridge entries cite the relevant Veritable Records year entry with corroborating source where available; do not expand their claims beyond the recorded action.","represented"
"1396","4","Threshold met: added 2 dated source-aware bridge event(s); retain the stated source limits.","High for court chronology in the Veritable Records; local, frontier, and household evidence is uneven.","Court selection and later compilation do not establish local execution, social cost, or complete frontier perspectives.","Local execution, labor, household movement, and non-elite perspectives remain unevenly visible.","Bridge entries cite the relevant Veritable Records year entry with corroborating source where available; do not expand their claims beyond the recorded action.","represented"
"1397","4","Retain 4 records; add a cross-actor bridge only where a dated, locatable source supports it.","High for court chronology in the Veritable Records; local, frontier, and household evidence is uneven.","Court selection and later compilation do not establish local execution, social cost, or complete frontier perspectives.","Local execution, labor, household movement, and non-elite perspectives remain unevenly visible.","Cross-check dated Veritable Records entries with local gazetteers, inscriptions, contracts, and external records; do not infer absent local experience.","represented"
"1398","7","Retain 7 records; add a cross-actor bridge only where a dated, locatable source supports it.","High for court chronology in the Veritable Records; local, frontier, and household evidence is uneven.","Court selection and later compilation do not establish local execution, social cost, or complete frontier perspectives.","Local execution, labor, household movement, and non-elite perspectives remain unevenly visible.","Cross-check dated Veritable Records entries with local gazetteers, inscriptions, contracts, and external records; do not infer absent local experience.","represented"
"1399","6","Retain 6 records; add a cross-actor bridge only where a dated, locatable source supports it.","High for court chronology in the Veritable Records; local, frontier, and household evidence is uneven.","Court selection and later compilation do not establish local execution, social cost, or complete frontier perspectives.","Local execution, labor, household movement, and non-elite perspectives remain unevenly visible.","Cross-check dated Veritable Records entries with local gazetteers, inscriptions, contracts, and external records; do not infer absent local experience.","represented"
"1400","5","Retain 5 records; add a cross-actor bridge only where a dated, locatable source supports it.","High for court chronology in the Veritable Records; local, frontier, and household evidence is uneven.","Court selection and later compilation do not establish local execution, social cost, or complete frontier perspectives.","Local execution, labor, household movement, and non-elite perspectives remain unevenly visible.","Cross-check dated Veritable Records entries with local gazetteers, inscriptions, contracts, and external records; do not infer absent local experience.","represented"
"1401","6","Retain 6 records; add a cross-actor bridge only where a dated, locatable source supports it.","High for court chronology in the Veritable Records; local, frontier, and household evidence is uneven.","Court selection and later compilation do not establish local execution, social cost, or complete frontier perspectives.","Local execution, labor, household movement, and non-elite perspectives remain unevenly visible.","Cross-check dated Veritable Records entries with local gazetteers, inscriptions, contracts, and external records; do not infer absent local experience.","represented"
"1402","13","Retain 13 records; add a cross-actor bridge only where a dated, locatable source supports it.","High for court chronology in the Veritable Records; local, frontier, and household evidence is uneven.","Court selection and later compilation do not establish local execution, social cost, or complete frontier perspectives.","Local execution, labor, household movement, and non-elite perspectives remain unevenly visible.","Cross-check dated Veritable Records entries with local gazetteers, inscriptions, contracts, and external records; do not infer absent local experience.","represented"
"1403","7","Retain 7 records; add a cross-actor bridge only where a dated, locatable source supports it.","High for court chronology in the Veritable Records; local, frontier, and household evidence is uneven.","Court selection and later compilation do not establish local execution, social cost, or complete frontier perspectives.","Local execution, labor, household movement, and non-elite perspectives remain unevenly visible.","Cross-check dated Veritable Records entries with local gazetteers, inscriptions, contracts, and external records; do not infer absent local experience.","represented"
"1404","7","Retain 7 records; add a cross-actor bridge only where a dated, locatable source supports it.","High for court chronology in the Veritable Records; local, frontier, and household evidence is uneven.","Court selection and later compilation do not establish local execution, social cost, or complete frontier perspectives.","Local execution, labor, household movement, and non-elite perspectives remain unevenly visible.","Cross-check dated Veritable Records entries with local gazetteers, inscriptions, contracts, and external records; do not infer absent local experience.","represented"
"1405","4","Retain 4 records; add a cross-actor bridge only where a dated, locatable source supports it.","High for court chronology in the Veritable Records; local, frontier, and household evidence is uneven.","Court selection and later compilation do not establish local execution, social cost, or complete frontier perspectives.","Local execution, labor, household movement, and non-elite perspectives remain unevenly visible.","Cross-check dated Veritable Records entries with local gazetteers, inscriptions, contracts, and external records; do not infer absent local experience.","represented"
"1406","5","Retain 5 records; add a cross-actor bridge only where a dated, locatable source supports it.","High for court chronology in the Veritable Records; local, frontier, and household evidence is uneven.","Court selection and later compilation do not establish local execution, social cost, or complete frontier perspectives.","Local execution, labor, household movement, and non-elite perspectives remain unevenly visible.","Cross-check dated Veritable Records entries with local gazetteers, inscriptions, contracts, and external records; do not infer absent local experience.","represented"
"1407","13","Retain 13 records; add a cross-actor bridge only where a dated, locatable source supports it.","High for court chronology in the Veritable Records; local, frontier, and household evidence is uneven.","Court selection and later compilation do not establish local execution, social cost, or complete frontier perspectives.","Local execution, labor, household movement, and non-elite perspectives remain unevenly visible.","Cross-check dated Veritable Records entries with local gazetteers, inscriptions, contracts, and external records; do not infer absent local experience.","represented"
"1408","4","Retain 4 records; add a cross-actor bridge only where a dated, locatable source supports it.","High for court chronology in the Veritable Records; local, frontier, and household evidence is uneven.","Court selection and later compilation do not establish local execution, social cost, or complete frontier perspectives.","Local execution, labor, household movement, and non-elite perspectives remain unevenly visible.","Cross-check dated Veritable Records entries with local gazetteers, inscriptions, contracts, and external records; do not infer absent local experience.","represented"
"1409","8","Retain 8 records; add a cross-actor bridge only where a dated, locatable source supports it.","High for court chronology in the Veritable Records; local, frontier, and household evidence is uneven.","Court selection and later compilation do not establish local execution, social cost, or complete frontier perspectives.","Local execution, labor, household movement, and non-elite perspectives remain unevenly visible.","Cross-check dated Veritable Records entries with local gazetteers, inscriptions, contracts, and external records; do not infer absent local experience.","represented"
"1410","4","Retain 4 records; add a cross-actor bridge only where a dated, locatable source supports it.","High for court chronology in the Veritable Records; local, frontier, and household evidence is uneven.","Court selection and later compilation do not establish local execution, social cost, or complete frontier perspectives.","Local execution, labor, household movement, and non-elite perspectives remain unevenly visible.","Cross-check dated Veritable Records entries with local gazetteers, inscriptions, contracts, and external records; do not infer absent local experience.","represented"
"1411","5","Retain 5 records; add a cross-actor bridge only where a dated, locatable source supports it.","High for court chronology in the Veritable Records; local, frontier, and household evidence is uneven.","Court selection and later compilation do not establish local execution, social cost, or complete frontier perspectives.","Local execution, labor, household movement, and non-elite perspectives remain unevenly visible.","Cross-check dated Veritable Records entries with local gazetteers, inscriptions, contracts, and external records; do not infer absent local experience.","represented"
"1412","4","Retain 4 records; add a cross-actor bridge only where a dated, locatable source supports it.","High for court chronology in the Veritable Records; local, frontier, and household evidence is uneven.","Court selection and later compilation do not establish local execution, social cost, or complete frontier perspectives.","Local execution, labor, household movement, and non-elite perspectives remain unevenly visible.","Cross-check dated Veritable Records entries with local gazetteers, inscriptions, contracts, and external records; do not infer absent local experience.","represented"
"1413","5","Retain 5 records; add a cross-actor bridge only where a dated, locatable source supports it.","High for court chronology in the Veritable Records; local, frontier, and household evidence is uneven.","Court selection and later compilation do not establish local execution, social cost, or complete frontier perspectives.","Local execution, labor, household movement, and non-elite perspectives remain unevenly visible.","Cross-check dated Veritable Records entries with local gazetteers, inscriptions, contracts, and external records; do not infer absent local experience.","represented"
"1414","4","Retain 4 records; add a cross-actor bridge only where a dated, locatable source supports it.","High for court chronology in the Veritable Records; local, frontier, and household evidence is uneven.","Court selection and later compilation do not establish local execution, social cost, or complete frontier perspectives.","Local execution, labor, household movement, and non-elite perspectives remain unevenly visible.","Cross-check dated Veritable Records entries with local gazetteers, inscriptions, contracts, and external records; do not infer absent local experience.","represented"
"1415","5","Retain 5 records; add a cross-actor bridge only where a dated, locatable source supports it.","High for court chronology in the Veritable Records; local, frontier, and household evidence is uneven.","Court selection and later compilation do not establish local execution, social cost, or complete frontier perspectives.","Local execution, labor, household movement, and non-elite perspectives remain unevenly visible.","Cross-check dated Veritable Records entries with local gazetteers, inscriptions, contracts, and external records; do not infer absent local experience.","represented"
"1416","4","Retain 4 records; add a cross-actor bridge only where a dated, locatable source supports it.","High for court chronology in the Veritable Records; local, frontier, and household evidence is uneven.","Court selection and later compilation do not establish local execution, social cost, or complete frontier perspectives.","Local execution, labor, household movement, and non-elite perspectives remain unevenly visible.","Cross-check dated Veritable Records entries with local gazetteers, inscriptions, contracts, and external records; do not infer absent local experience.","represented"
"1417","4","Retain 4 records; add a cross-actor bridge only where a dated, locatable source supports it.","High for court chronology in the Veritable Records; local, frontier, and household evidence is uneven.","Court selection and later compilation do not establish local execution, social cost, or complete frontier perspectives.","Local execution, labor, household movement, and non-elite perspectives remain unevenly visible.","Cross-check dated Veritable Records entries with local gazetteers, inscriptions, contracts, and external records; do not infer absent local experience.","represented"
"1418","4","Threshold met: added 1 dated source-aware bridge event(s); retain the stated source limits.","High for court chronology in the Veritable Records; local, frontier, and household evidence is uneven.","Court selection and later compilation do not establish local execution, social cost, or complete frontier perspectives.","Local execution, labor, household movement, and non-elite perspectives remain unevenly visible.","Bridge entries cite the relevant Veritable Records year entry with corroborating source where available; do not expand their claims beyond the recorded action.","represented"
"1419","4","Retain 4 records; add a cross-actor bridge only where a dated, locatable source supports it.","High for court chronology in the Veritable Records; local, frontier, and household evidence is uneven.","Court selection and later compilation do not establish local execution, social cost, or complete frontier perspectives.","Local execution, labor, household movement, and non-elite perspectives remain unevenly visible.","Cross-check dated Veritable Records entries with local gazetteers, inscriptions, contracts, and external records; do not infer absent local experience.","represented"
"1420","4","Threshold met: added 1 dated source-aware bridge event(s); retain the stated source limits.","High for court chronology in the Veritable Records; local, frontier, and household evidence is uneven.","Court selection and later compilation do not establish local execution, social cost, or complete frontier perspectives.","Local execution, labor, household movement, and non-elite perspectives remain unevenly visible.","Bridge entries cite the relevant Veritable Records year entry with corroborating source where available; do not expand their claims beyond the recorded action.","represented"
"1421","4","Retain 4 records; add a cross-actor bridge only where a dated, locatable source supports it.","High for court chronology in the Veritable Records; local, frontier, and household evidence is uneven.","Court selection and later compilation do not establish local execution, social cost, or complete frontier perspectives.","Local execution, labor, household movement, and non-elite perspectives remain unevenly visible.","Cross-check dated Veritable Records entries with local gazetteers, inscriptions, contracts, and external records; do not infer absent local experience.","represented"
"1422","4","Retain 4 records; add a cross-actor bridge only where a dated, locatable source supports it.","High for court chronology in the Veritable Records; local, frontier, and household evidence is uneven.","Court selection and later compilation do not establish local execution, social cost, or complete frontier perspectives.","Local execution, labor, household movement, and non-elite perspectives remain unevenly visible.","Cross-check dated Veritable Records entries with local gazetteers, inscriptions, contracts, and external records; do not infer absent local experience.","represented"
"1423","4","Threshold met: added 1 dated source-aware bridge event(s); retain the stated source limits.","High for court chronology in the Veritable Records; local, frontier, and household evidence is uneven.","Court selection and later compilation do not establish local execution, social cost, or complete frontier perspectives.","Local execution, labor, household movement, and non-elite perspectives remain unevenly visible.","Bridge entries cite the relevant Veritable Records year entry with corroborating source where available; do not expand their claims beyond the recorded action.","represented"
"1424","7","Retain 7 records; add a cross-actor bridge only where a dated, locatable source supports it.","High for court chronology in the Veritable Records; local, frontier, and household evidence is uneven.","Court selection and later compilation do not establish local execution, social cost, or complete frontier perspectives.","Local execution, labor, household movement, and non-elite perspectives remain unevenly visible.","Cross-check dated Veritable Records entries with local gazetteers, inscriptions, contracts, and external records; do not infer absent local experience.","represented"
"1425","5","Retain 5 records; add a cross-actor bridge only where a dated, locatable source supports it.","High for central sequence and policy reporting; regional, household, frontier, and maritime evidence is uneven.","Official reports preserve claims and categories, not uniform execution, numbers, motives, or regional impact.","Local enforcement, labor, household, frontier, and nonofficial maritime experience remains unevenly visible.","Supplement only with dated memorials, local records, inscriptions, contracts, archaeology, and relevant external sources that preserve geographic scale.","represented"
"1426","4","Retain 4 records; add a cross-actor bridge only where a dated, locatable source supports it.","High for central sequence and policy reporting; regional, household, frontier, and maritime evidence is uneven.","Official reports preserve claims and categories, not uniform execution, numbers, motives, or regional impact.","Local enforcement, labor, household, frontier, and nonofficial maritime experience remains unevenly visible.","Supplement only with dated memorials, local records, inscriptions, contracts, archaeology, and relevant external sources that preserve geographic scale.","represented"
"1427","4","Retain 4 records; add a cross-actor bridge only where a dated, locatable source supports it.","High for central sequence and policy reporting; regional, household, frontier, and maritime evidence is uneven.","Official reports preserve claims and categories, not uniform execution, numbers, motives, or regional impact.","Local enforcement, labor, household, frontier, and nonofficial maritime experience remains unevenly visible.","Supplement only with dated memorials, local records, inscriptions, contracts, archaeology, and relevant external sources that preserve geographic scale.","represented"
"1428","4","Retain 4 records; add a cross-actor bridge only where a dated, locatable source supports it.","High for central sequence and policy reporting; regional, household, frontier, and maritime evidence is uneven.","Official reports preserve claims and categories, not uniform execution, numbers, motives, or regional impact.","Local enforcement, labor, household, frontier, and nonofficial maritime experience remains unevenly visible.","Supplement only with dated memorials, local records, inscriptions, contracts, archaeology, and relevant external sources that preserve geographic scale.","represented"
"1429","4","Retain 4 records; add a cross-actor bridge only where a dated, locatable source supports it.","High for central sequence and policy reporting; regional, household, frontier, and maritime evidence is uneven.","Official reports preserve claims and categories, not uniform execution, numbers, motives, or regional impact.","Local enforcement, labor, household, frontier, and nonofficial maritime experience remains unevenly visible.","Supplement only with dated memorials, local records, inscriptions, contracts, archaeology, and relevant external sources that preserve geographic scale.","represented"
"1430","4","Retain 4 records; add a cross-actor bridge only where a dated, locatable source supports it.","High for central sequence and policy reporting; regional, household, frontier, and maritime evidence is uneven.","Official reports preserve claims and categories, not uniform execution, numbers, motives, or regional impact.","Local enforcement, labor, household, frontier, and nonofficial maritime experience remains unevenly visible.","Supplement only with dated memorials, local records, inscriptions, contracts, archaeology, and relevant external sources that preserve geographic scale.","represented"
"1431","5","Retain 5 records; add a cross-actor bridge only where a dated, locatable source supports it.","High for central sequence and policy reporting; regional, household, frontier, and maritime evidence is uneven.","Official reports preserve claims and categories, not uniform execution, numbers, motives, or regional impact.","Local enforcement, labor, household, frontier, and nonofficial maritime experience remains unevenly visible.","Supplement only with dated memorials, local records, inscriptions, contracts, archaeology, and relevant external sources that preserve geographic scale.","represented"
"1432","4","Retain 4 records; add a cross-actor bridge only where a dated, locatable source supports it.","High for central sequence and policy reporting; regional, household, frontier, and maritime evidence is uneven.","Official reports preserve claims and categories, not uniform execution, numbers, motives, or regional impact.","Local enforcement, labor, household, frontier, and nonofficial maritime experience remains unevenly visible.","Supplement only with dated memorials, local records, inscriptions, contracts, archaeology, and relevant external sources that preserve geographic scale.","represented"
"1433","8","Retain 8 records; add a cross-actor bridge only where a dated, locatable source supports it.","High for central sequence and policy reporting; regional, household, frontier, and maritime evidence is uneven.","Official reports preserve claims and categories, not uniform execution, numbers, motives, or regional impact.","Local enforcement, labor, household, frontier, and nonofficial maritime experience remains unevenly visible.","Supplement only with dated memorials, local records, inscriptions, contracts, archaeology, and relevant external sources that preserve geographic scale.","represented"
"1434","4","Retain 4 records; add a cross-actor bridge only where a dated, locatable source supports it.","High for central sequence and policy reporting; regional, household, frontier, and maritime evidence is uneven.","Official reports preserve claims and categories, not uniform execution, numbers, motives, or regional impact.","Local enforcement, labor, household, frontier, and nonofficial maritime experience remains unevenly visible.","Supplement only with dated memorials, local records, inscriptions, contracts, archaeology, and relevant external sources that preserve geographic scale.","represented"
"1435","4","Retain 4 records; add a cross-actor bridge only where a dated, locatable source supports it.","High for central sequence and policy reporting; regional, household, frontier, and maritime evidence is uneven.","Official reports preserve claims and categories, not uniform execution, numbers, motives, or regional impact.","Local enforcement, labor, household, frontier, and nonofficial maritime experience remains unevenly visible.","Supplement only with dated memorials, local records, inscriptions, contracts, archaeology, and relevant external sources that preserve geographic scale.","represented"
"1436","4","Retain 4 records; add a cross-actor bridge only where a dated, locatable source supports it.","High for central sequence and policy reporting; regional, household, frontier, and maritime evidence is uneven.","Official reports preserve claims and categories, not uniform execution, numbers, motives, or regional impact.","Local enforcement, labor, household, frontier, and nonofficial maritime experience remains unevenly visible.","Supplement only with dated memorials, local records, inscriptions, contracts, archaeology, and relevant external sources that preserve geographic scale.","represented"
"1437","4","Retain 4 records; add a cross-actor bridge only where a dated, locatable source supports it.","High for central sequence and policy reporting; regional, household, frontier, and maritime evidence is uneven.","Official reports preserve claims and categories, not uniform execution, numbers, motives, or regional impact.","Local enforcement, labor, household, frontier, and nonofficial maritime experience remains unevenly visible.","Supplement only with dated memorials, local records, inscriptions, contracts, archaeology, and relevant external sources that preserve geographic scale.","represented"
"1438","4","Retain 4 records; add a cross-actor bridge only where a dated, locatable source supports it.","High for central sequence and policy reporting; regional, household, frontier, and maritime evidence is uneven.","Official reports preserve claims and categories, not uniform execution, numbers, motives, or regional impact.","Local enforcement, labor, household, frontier, and nonofficial maritime experience remains unevenly visible.","Supplement only with dated memorials, local records, inscriptions, contracts, archaeology, and relevant external sources that preserve geographic scale.","represented"
"1439","4","Retain 4 records; add a cross-actor bridge only where a dated, locatable source supports it.","High for central sequence and policy reporting; regional, household, frontier, and maritime evidence is uneven.","Official reports preserve claims and categories, not uniform execution, numbers, motives, or regional impact.","Local enforcement, labor, household, frontier, and nonofficial maritime experience remains unevenly visible.","Supplement only with dated memorials, local records, inscriptions, contracts, archaeology, and relevant external sources that preserve geographic scale.","represented"
"1440","4","Retain 4 records; add a cross-actor bridge only where a dated, locatable source supports it.","High for central sequence and policy reporting; regional, household, frontier, and maritime evidence is uneven.","Official reports preserve claims and categories, not uniform execution, numbers, motives, or regional impact.","Local enforcement, labor, household, frontier, and nonofficial maritime experience remains unevenly visible.","Supplement only with dated memorials, local records, inscriptions, contracts, archaeology, and relevant external sources that preserve geographic scale.","represented"
"1441","4","Retain 4 records; add a cross-actor bridge only where a dated, locatable source supports it.","High for central sequence and policy reporting; regional, household, frontier, and maritime evidence is uneven.","Official reports preserve claims and categories, not uniform execution, numbers, motives, or regional impact.","Local enforcement, labor, household, frontier, and nonofficial maritime experience remains unevenly visible.","Supplement only with dated memorials, local records, inscriptions, contracts, archaeology, and relevant external sources that preserve geographic scale.","represented"
"1442","4","Retain 4 records; add a cross-actor bridge only where a dated, locatable source supports it.","High for central sequence and policy reporting; regional, household, frontier, and maritime evidence is uneven.","Official reports preserve claims and categories, not uniform execution, numbers, motives, or regional impact.","Local enforcement, labor, household, frontier, and nonofficial maritime experience remains unevenly visible.","Supplement only with dated memorials, local records, inscriptions, contracts, archaeology, and relevant external sources that preserve geographic scale.","represented"
"1443","4","Retain 4 records; add a cross-actor bridge only where a dated, locatable source supports it.","High for central sequence and policy reporting; regional, household, frontier, and maritime evidence is uneven.","Official reports preserve claims and categories, not uniform execution, numbers, motives, or regional impact.","Local enforcement, labor, household, frontier, and nonofficial maritime experience remains unevenly visible.","Supplement only with dated memorials, local records, inscriptions, contracts, archaeology, and relevant external sources that preserve geographic scale.","represented"
"1444","4","Retain 4 records; add a cross-actor bridge only where a dated, locatable source supports it.","High for central sequence and policy reporting; regional, household, frontier, and maritime evidence is uneven.","Official reports preserve claims and categories, not uniform execution, numbers, motives, or regional impact.","Local enforcement, labor, household, frontier, and nonofficial maritime experience remains unevenly visible.","Supplement only with dated memorials, local records, inscriptions, contracts, archaeology, and relevant external sources that preserve geographic scale.","represented"
"1445","4","Threshold met: added 1 dated source-aware bridge event(s); retain the stated source limits.","High for central sequence and policy reporting; regional, household, frontier, and maritime evidence is uneven.","Official reports preserve claims and categories, not uniform execution, numbers, motives, or regional impact.","Local enforcement, labor, household, frontier, and nonofficial maritime experience remains unevenly visible.","Bridge entries cite the relevant Veritable Records year entry with corroborating source where available; do not expand their claims beyond the recorded action.","represented"
"1446","4","Threshold met: added 1 dated source-aware bridge event(s); retain the stated source limits.","High for central sequence and policy reporting; regional, household, frontier, and maritime evidence is uneven.","Official reports preserve claims and categories, not uniform execution, numbers, motives, or regional impact.","Local enforcement, labor, household, frontier, and nonofficial maritime experience remains unevenly visible.","Bridge entries cite the relevant Veritable Records year entry with corroborating source where available; do not expand their claims beyond the recorded action.","represented"
"1447","4","Threshold met: added 1 dated source-aware bridge event(s); retain the stated source limits.","High for central sequence and policy reporting; regional, household, frontier, and maritime evidence is uneven.","Official reports preserve claims and categories, not uniform execution, numbers, motives, or regional impact.","Local enforcement, labor, household, frontier, and nonofficial maritime experience remains unevenly visible.","Bridge entries cite the relevant Veritable Records year entry with corroborating source where available; do not expand their claims beyond the recorded action.","represented"
"1448","7","Retain 7 records; add a cross-actor bridge only where a dated, locatable source supports it.","High for central sequence and policy reporting; regional, household, frontier, and maritime evidence is uneven.","Official reports preserve claims and categories, not uniform execution, numbers, motives, or regional impact.","Local enforcement, labor, household, frontier, and nonofficial maritime experience remains unevenly visible.","Supplement only with dated memorials, local records, inscriptions, contracts, archaeology, and relevant external sources that preserve geographic scale.","represented"
"1449","13","Retain 13 records; add a cross-actor bridge only where a dated, locatable source supports it.","High for central sequence and policy reporting; regional, household, frontier, and maritime evidence is uneven.","Official reports preserve claims and categories, not uniform execution, numbers, motives, or regional impact.","Local enforcement, labor, household, frontier, and nonofficial maritime experience remains unevenly visible.","Supplement only with dated memorials, local records, inscriptions, contracts, archaeology, and relevant external sources that preserve geographic scale.","represented"
"1450","5","Retain 5 records; add a cross-actor bridge only where a dated, locatable source supports it.","High for central sequence and policy reporting; regional, household, frontier, and maritime evidence is uneven.","Official reports preserve claims and categories, not uniform execution, numbers, motives, or regional impact.","Local enforcement, labor, household, frontier, and nonofficial maritime experience remains unevenly visible.","Supplement only with dated memorials, local records, inscriptions, contracts, archaeology, and relevant external sources that preserve geographic scale.","represented"
"1451","5","Retain 5 records; add a cross-actor bridge only where a dated, locatable source supports it.","High for central sequence and policy reporting; regional, household, frontier, and maritime evidence is uneven.","Official reports preserve claims and categories, not uniform execution, numbers, motives, or regional impact.","Local enforcement, labor, household, frontier, and nonofficial maritime experience remains unevenly visible.","Supplement only with dated memorials, local records, inscriptions, contracts, archaeology, and relevant external sources that preserve geographic scale.","represented"
"1452","5","Retain 5 records; add a cross-actor bridge only where a dated, locatable source supports it.","High for central sequence and policy reporting; regional, household, frontier, and maritime evidence is uneven.","Official reports preserve claims and categories, not uniform execution, numbers, motives, or regional impact.","Local enforcement, labor, household, frontier, and nonofficial maritime experience remains unevenly visible.","Supplement only with dated memorials, local records, inscriptions, contracts, archaeology, and relevant external sources that preserve geographic scale.","represented"
"1453","5","Retain 5 records; add a cross-actor bridge only where a dated, locatable source supports it.","High for central sequence and policy reporting; regional, household, frontier, and maritime evidence is uneven.","Official reports preserve claims and categories, not uniform execution, numbers, motives, or regional impact.","Local enforcement, labor, household, frontier, and nonofficial maritime experience remains unevenly visible.","Supplement only with dated memorials, local records, inscriptions, contracts, archaeology, and relevant external sources that preserve geographic scale.","represented"
"1454","4","Retain 4 records; add a cross-actor bridge only where a dated, locatable source supports it.","High for central sequence and policy reporting; regional, household, frontier, and maritime evidence is uneven.","Official reports preserve claims and categories, not uniform execution, numbers, motives, or regional impact.","Local enforcement, labor, household, frontier, and nonofficial maritime experience remains unevenly visible.","Supplement only with dated memorials, local records, inscriptions, contracts, archaeology, and relevant external sources that preserve geographic scale.","represented"
"1455","4","Retain 4 records; add a cross-actor bridge only where a dated, locatable source supports it.","High for central sequence and policy reporting; regional, household, frontier, and maritime evidence is uneven.","Official reports preserve claims and categories, not uniform execution, numbers, motives, or regional impact.","Local enforcement, labor, household, frontier, and nonofficial maritime experience remains unevenly visible.","Supplement only with dated memorials, local records, inscriptions, contracts, archaeology, and relevant external sources that preserve geographic scale.","represented"
"1456","4","Retain 4 records; add a cross-actor bridge only where a dated, locatable source supports it.","High for central sequence and policy reporting; regional, household, frontier, and maritime evidence is uneven.","Official reports preserve claims and categories, not uniform execution, numbers, motives, or regional impact.","Local enforcement, labor, household, frontier, and nonofficial maritime experience remains unevenly visible.","Supplement only with dated memorials, local records, inscriptions, contracts, archaeology, and relevant external sources that preserve geographic scale.","represented"
"1457","4","Retain 4 records; add a cross-actor bridge only where a dated, locatable source supports it.","High for central sequence and policy reporting; regional, household, frontier, and maritime evidence is uneven.","Official reports preserve claims and categories, not uniform execution, numbers, motives, or regional impact.","Local enforcement, labor, household, frontier, and nonofficial maritime experience remains unevenly visible.","Supplement only with dated memorials, local records, inscriptions, contracts, archaeology, and relevant external sources that preserve geographic scale.","represented"
"1458","4","Retain 4 records; add a cross-actor bridge only where a dated, locatable source supports it.","High for central sequence and policy reporting; regional, household, frontier, and maritime evidence is uneven.","Official reports preserve claims and categories, not uniform execution, numbers, motives, or regional impact.","Local enforcement, labor, household, frontier, and nonofficial maritime experience remains unevenly visible.","Supplement only with dated memorials, local records, inscriptions, contracts, archaeology, and relevant external sources that preserve geographic scale.","represented"
"1459","4","Retain 4 records; add a cross-actor bridge only where a dated, locatable source supports it.","High for central sequence and policy reporting; regional, household, frontier, and maritime evidence is uneven.","Official reports preserve claims and categories, not uniform execution, numbers, motives, or regional impact.","Local enforcement, labor, household, frontier, and nonofficial maritime experience remains unevenly visible.","Supplement only with dated memorials, local records, inscriptions, contracts, archaeology, and relevant external sources that preserve geographic scale.","represented"
"1460","4","Retain 4 records; add a cross-actor bridge only where a dated, locatable source supports it.","High for central sequence and policy reporting; regional, household, frontier, and maritime evidence is uneven.","Official reports preserve claims and categories, not uniform execution, numbers, motives, or regional impact.","Local enforcement, labor, household, frontier, and nonofficial maritime experience remains unevenly visible.","Supplement only with dated memorials, local records, inscriptions, contracts, archaeology, and relevant external sources that preserve geographic scale.","represented"
"1461","4","Retain 4 records; add a cross-actor bridge only where a dated, locatable source supports it.","High for central sequence and policy reporting; regional, household, frontier, and maritime evidence is uneven.","Official reports preserve claims and categories, not uniform execution, numbers, motives, or regional impact.","Local enforcement, labor, household, frontier, and nonofficial maritime experience remains unevenly visible.","Supplement only with dated memorials, local records, inscriptions, contracts, archaeology, and relevant external sources that preserve geographic scale.","represented"
"1462","4","Retain 4 records; add a cross-actor bridge only where a dated, locatable source supports it.","High for central sequence and policy reporting; regional, household, frontier, and maritime evidence is uneven.","Official reports preserve claims and categories, not uniform execution, numbers, motives, or regional impact.","Local enforcement, labor, household, frontier, and nonofficial maritime experience remains unevenly visible.","Supplement only with dated memorials, local records, inscriptions, contracts, archaeology, and relevant external sources that preserve geographic scale.","represented"
"1463","4","Retain 4 records; add a cross-actor bridge only where a dated, locatable source supports it.","High for central sequence and policy reporting; regional, household, frontier, and maritime evidence is uneven.","Official reports preserve claims and categories, not uniform execution, numbers, motives, or regional impact.","Local enforcement, labor, household, frontier, and nonofficial maritime experience remains unevenly visible.","Supplement only with dated memorials, local records, inscriptions, contracts, archaeology, and relevant external sources that preserve geographic scale.","represented"
"1464","4","Retain 4 records; add a cross-actor bridge only where a dated, locatable source supports it.","High for central sequence and policy reporting; regional, household, frontier, and maritime evidence is uneven.","Official reports preserve claims and categories, not uniform execution, numbers, motives, or regional impact.","Local enforcement, labor, household, frontier, and nonofficial maritime experience remains unevenly visible.","Supplement only with dated memorials, local records, inscriptions, contracts, archaeology, and relevant external sources that preserve geographic scale.","represented"
"1465","4","Retain 4 records; add a cross-actor bridge only where a dated, locatable source supports it.","High for central sequence and policy reporting; regional, household, frontier, and maritime evidence is uneven.","Official reports preserve claims and categories, not uniform execution, numbers, motives, or regional impact.","Local enforcement, labor, household, frontier, and nonofficial maritime experience remains unevenly visible.","Supplement only with dated memorials, local records, inscriptions, contracts, archaeology, and relevant external sources that preserve geographic scale.","represented"
"1466","5","Retain 5 records; add a cross-actor bridge only where a dated, locatable source supports it.","High for central sequence and policy reporting; regional, household, frontier, and maritime evidence is uneven.","Official reports preserve claims and categories, not uniform execution, numbers, motives, or regional impact.","Local enforcement, labor, household, frontier, and nonofficial maritime experience remains unevenly visible.","Supplement only with dated memorials, local records, inscriptions, contracts, archaeology, and relevant external sources that preserve geographic scale.","represented"
"1467","4","Retain 4 records; add a cross-actor bridge only where a dated, locatable source supports it.","High for central sequence and policy reporting; regional, household, frontier, and maritime evidence is uneven.","Official reports preserve claims and categories, not uniform execution, numbers, motives, or regional impact.","Local enforcement, labor, household, frontier, and nonofficial maritime experience remains unevenly visible.","Supplement only with dated memorials, local records, inscriptions, contracts, archaeology, and relevant external sources that preserve geographic scale.","represented"
"1468","4","Retain 4 records; add a cross-actor bridge only where a dated, locatable source supports it.","High for central sequence and policy reporting; regional, household, frontier, and maritime evidence is uneven.","Official reports preserve claims and categories, not uniform execution, numbers, motives, or regional impact.","Local enforcement, labor, household, frontier, and nonofficial maritime experience remains unevenly visible.","Supplement only with dated memorials, local records, inscriptions, contracts, archaeology, and relevant external sources that preserve geographic scale.","represented"
"1469","4","Retain 4 records; add a cross-actor bridge only where a dated, locatable source supports it.","High for central sequence and policy reporting; regional, household, frontier, and maritime evidence is uneven.","Official reports preserve claims and categories, not uniform execution, numbers, motives, or regional impact.","Local enforcement, labor, household, frontier, and nonofficial maritime experience remains unevenly visible.","Supplement only with dated memorials, local records, inscriptions, contracts, archaeology, and relevant external sources that preserve geographic scale.","represented"
"1470","4","Retain 4 records; add a cross-actor bridge only where a dated, locatable source supports it.","High for central sequence and policy reporting; regional, household, frontier, and maritime evidence is uneven.","Official reports preserve claims and categories, not uniform execution, numbers, motives, or regional impact.","Local enforcement, labor, household, frontier, and nonofficial maritime experience remains unevenly visible.","Supplement only with dated memorials, local records, inscriptions, contracts, archaeology, and relevant external sources that preserve geographic scale.","represented"
"1471","4","Retain 4 records; add a cross-actor bridge only where a dated, locatable source supports it.","High for central sequence and policy reporting; regional, household, frontier, and maritime evidence is uneven.","Official reports preserve claims and categories, not uniform execution, numbers, motives, or regional impact.","Local enforcement, labor, household, frontier, and nonofficial maritime experience remains unevenly visible.","Supplement only with dated memorials, local records, inscriptions, contracts, archaeology, and relevant external sources that preserve geographic scale.","represented"
"1472","4","Retain 4 records; add a cross-actor bridge only where a dated, locatable source supports it.","High for central sequence and policy reporting; regional, household, frontier, and maritime evidence is uneven.","Official reports preserve claims and categories, not uniform execution, numbers, motives, or regional impact.","Local enforcement, labor, household, frontier, and nonofficial maritime experience remains unevenly visible.","Supplement only with dated memorials, local records, inscriptions, contracts, archaeology, and relevant external sources that preserve geographic scale.","represented"
"1473","4","Retain 4 records; add a cross-actor bridge only where a dated, locatable source supports it.","High for central sequence and policy reporting; regional, household, frontier, and maritime evidence is uneven.","Official reports preserve claims and categories, not uniform execution, numbers, motives, or regional impact.","Local enforcement, labor, household, frontier, and nonofficial maritime experience remains unevenly visible.","Supplement only with dated memorials, local records, inscriptions, contracts, archaeology, and relevant external sources that preserve geographic scale.","represented"
"1474","4","Retain 4 records; add a cross-actor bridge only where a dated, locatable source supports it.","High for central sequence and policy reporting; regional, household, frontier, and maritime evidence is uneven.","Official reports preserve claims and categories, not uniform execution, numbers, motives, or regional impact.","Local enforcement, labor, household, frontier, and nonofficial maritime experience remains unevenly visible.","Supplement only with dated memorials, local records, inscriptions, contracts, archaeology, and relevant external sources that preserve geographic scale.","represented"
"1475","5","Retain 5 records; add a cross-actor bridge only where a dated, locatable source supports it.","High for central sequence and policy reporting; regional, household, frontier, and maritime evidence is uneven.","Official reports preserve claims and categories, not uniform execution, numbers, motives, or regional impact.","Local enforcement, labor, household, frontier, and nonofficial maritime experience remains unevenly visible.","Supplement only with dated memorials, local records, inscriptions, contracts, archaeology, and relevant external sources that preserve geographic scale.","represented"
"1476","5","Retain 5 records; add a cross-actor bridge only where a dated, locatable source supports it.","High for central sequence and policy reporting; regional, household, frontier, and maritime evidence is uneven.","Official reports preserve claims and categories, not uniform execution, numbers, motives, or regional impact.","Local enforcement, labor, household, frontier, and nonofficial maritime experience remains unevenly visible.","Supplement only with dated memorials, local records, inscriptions, contracts, archaeology, and relevant external sources that preserve geographic scale.","represented"
"1477","5","Retain 5 records; add a cross-actor bridge only where a dated, locatable source supports it.","High for central sequence and policy reporting; regional, household, frontier, and maritime evidence is uneven.","Official reports preserve claims and categories, not uniform execution, numbers, motives, or regional impact.","Local enforcement, labor, household, frontier, and nonofficial maritime experience remains unevenly visible.","Supplement only with dated memorials, local records, inscriptions, contracts, archaeology, and relevant external sources that preserve geographic scale.","represented"
"1478","5","Retain 5 records; add a cross-actor bridge only where a dated, locatable source supports it.","High for central sequence and policy reporting; regional, household, frontier, and maritime evidence is uneven.","Official reports preserve claims and categories, not uniform execution, numbers, motives, or regional impact.","Local enforcement, labor, household, frontier, and nonofficial maritime experience remains unevenly visible.","Supplement only with dated memorials, local records, inscriptions, contracts, archaeology, and relevant external sources that preserve geographic scale.","represented"
"1479","5","Retain 5 records; add a cross-actor bridge only where a dated, locatable source supports it.","High for central sequence and policy reporting; regional, household, frontier, and maritime evidence is uneven.","Official reports preserve claims and categories, not uniform execution, numbers, motives, or regional impact.","Local enforcement, labor, household, frontier, and nonofficial maritime experience remains unevenly visible.","Supplement only with dated memorials, local records, inscriptions, contracts, archaeology, and relevant external sources that preserve geographic scale.","represented"
"1480","4","Retain 4 records; add a cross-actor bridge only where a dated, locatable source supports it.","High for central sequence and policy reporting; regional, household, frontier, and maritime evidence is uneven.","Official reports preserve claims and categories, not uniform execution, numbers, motives, or regional impact.","Local enforcement, labor, household, frontier, and nonofficial maritime experience remains unevenly visible.","Supplement only with dated memorials, local records, inscriptions, contracts, archaeology, and relevant external sources that preserve geographic scale.","represented"
"1481","4","Retain 4 records; add a cross-actor bridge only where a dated, locatable source supports it.","High for central sequence and policy reporting; regional, household, frontier, and maritime evidence is uneven.","Official reports preserve claims and categories, not uniform execution, numbers, motives, or regional impact.","Local enforcement, labor, household, frontier, and nonofficial maritime experience remains unevenly visible.","Supplement only with dated memorials, local records, inscriptions, contracts, archaeology, and relevant external sources that preserve geographic scale.","represented"
"1482","4","Retain 4 records; add a cross-actor bridge only where a dated, locatable source supports it.","High for central sequence and policy reporting; regional, household, frontier, and maritime evidence is uneven.","Official reports preserve claims and categories, not uniform execution, numbers, motives, or regional impact.","Local enforcement, labor, household, frontier, and nonofficial maritime experience remains unevenly visible.","Supplement only with dated memorials, local records, inscriptions, contracts, archaeology, and relevant external sources that preserve geographic scale.","represented"
"1483","4","Retain 4 records; add a cross-actor bridge only where a dated, locatable source supports it.","High for central sequence and policy reporting; regional, household, frontier, and maritime evidence is uneven.","Official reports preserve claims and categories, not uniform execution, numbers, motives, or regional impact.","Local enforcement, labor, household, frontier, and nonofficial maritime experience remains unevenly visible.","Supplement only with dated memorials, local records, inscriptions, contracts, archaeology, and relevant external sources that preserve geographic scale.","represented"
"1484","4","Retain 4 records; add a cross-actor bridge only where a dated, locatable source supports it.","High for central sequence and policy reporting; regional, household, frontier, and maritime evidence is uneven.","Official reports preserve claims and categories, not uniform execution, numbers, motives, or regional impact.","Local enforcement, labor, household, frontier, and nonofficial maritime experience remains unevenly visible.","Supplement only with dated memorials, local records, inscriptions, contracts, archaeology, and relevant external sources that preserve geographic scale.","represented"
"1485","4","Retain 4 records; add a cross-actor bridge only where a dated, locatable source supports it.","High for central sequence and policy reporting; regional, household, frontier, and maritime evidence is uneven.","Official reports preserve claims and categories, not uniform execution, numbers, motives, or regional impact.","Local enforcement, labor, household, frontier, and nonofficial maritime experience remains unevenly visible.","Supplement only with dated memorials, local records, inscriptions, contracts, archaeology, and relevant external sources that preserve geographic scale.","represented"
"1486","4","Retain 4 records; add a cross-actor bridge only where a dated, locatable source supports it.","High for central sequence and policy reporting; regional, household, frontier, and maritime evidence is uneven.","Official reports preserve claims and categories, not uniform execution, numbers, motives, or regional impact.","Local enforcement, labor, household, frontier, and nonofficial maritime experience remains unevenly visible.","Supplement only with dated memorials, local records, inscriptions, contracts, archaeology, and relevant external sources that preserve geographic scale.","represented"
"1487","4","Retain 4 records; add a cross-actor bridge only where a dated, locatable source supports it.","High for central sequence and policy reporting; regional, household, frontier, and maritime evidence is uneven.","Official reports preserve claims and categories, not uniform execution, numbers, motives, or regional impact.","Local enforcement, labor, household, frontier, and nonofficial maritime experience remains unevenly visible.","Supplement only with dated memorials, local records, inscriptions, contracts, archaeology, and relevant external sources that preserve geographic scale.","represented"
"1488","4","Retain 4 records; add a cross-actor bridge only where a dated, locatable source supports it.","High for central sequence and policy reporting; regional, household, frontier, and maritime evidence is uneven.","Official reports preserve claims and categories, not uniform execution, numbers, motives, or regional impact.","Local enforcement, labor, household, frontier, and nonofficial maritime experience remains unevenly visible.","Supplement only with dated memorials, local records, inscriptions, contracts, archaeology, and relevant external sources that preserve geographic scale.","represented"
"1489","4","Retain 4 records; add a cross-actor bridge only where a dated, locatable source supports it.","High for central sequence and policy reporting; regional, household, frontier, and maritime evidence is uneven.","Official reports preserve claims and categories, not uniform execution, numbers, motives, or regional impact.","Local enforcement, labor, household, frontier, and nonofficial maritime experience remains unevenly visible.","Supplement only with dated memorials, local records, inscriptions, contracts, archaeology, and relevant external sources that preserve geographic scale.","represented"
"1490","4","Retain 4 records; add a cross-actor bridge only where a dated, locatable source supports it.","High for central sequence and policy reporting; regional, household, frontier, and maritime evidence is uneven.","Official reports preserve claims and categories, not uniform execution, numbers, motives, or regional impact.","Local enforcement, labor, household, frontier, and nonofficial maritime experience remains unevenly visible.","Supplement only with dated memorials, local records, inscriptions, contracts, archaeology, and relevant external sources that preserve geographic scale.","represented"
"1491","4","Retain 4 records; add a cross-actor bridge only where a dated, locatable source supports it.","High for central sequence and policy reporting; regional, household, frontier, and maritime evidence is uneven.","Official reports preserve claims and categories, not uniform execution, numbers, motives, or regional impact.","Local enforcement, labor, household, frontier, and nonofficial maritime experience remains unevenly visible.","Supplement only with dated memorials, local records, inscriptions, contracts, archaeology, and relevant external sources that preserve geographic scale.","represented"
"1492","4","Retain 4 records; add a cross-actor bridge only where a dated, locatable source supports it.","High for central sequence and policy reporting; regional, household, frontier, and maritime evidence is uneven.","Official reports preserve claims and categories, not uniform execution, numbers, motives, or regional impact.","Local enforcement, labor, household, frontier, and nonofficial maritime experience remains unevenly visible.","Supplement only with dated memorials, local records, inscriptions, contracts, archaeology, and relevant external sources that preserve geographic scale.","represented"
"1493","4","Retain 4 records; add a cross-actor bridge only where a dated, locatable source supports it.","High for central sequence and policy reporting; regional, household, frontier, and maritime evidence is uneven.","Official reports preserve claims and categories, not uniform execution, numbers, motives, or regional impact.","Local enforcement, labor, household, frontier, and nonofficial maritime experience remains unevenly visible.","Supplement only with dated memorials, local records, inscriptions, contracts, archaeology, and relevant external sources that preserve geographic scale.","represented"
"1494","4","Retain 4 records; add a cross-actor bridge only where a dated, locatable source supports it.","High for central sequence and policy reporting; regional, household, frontier, and maritime evidence is uneven.","Official reports preserve claims and categories, not uniform execution, numbers, motives, or regional impact.","Local enforcement, labor, household, frontier, and nonofficial maritime experience remains unevenly visible.","Supplement only with dated memorials, local records, inscriptions, contracts, archaeology, and relevant external sources that preserve geographic scale.","represented"
"1495","4","Retain 4 records; add a cross-actor bridge only where a dated, locatable source supports it.","High for central sequence and policy reporting; regional, household, frontier, and maritime evidence is uneven.","Official reports preserve claims and categories, not uniform execution, numbers, motives, or regional impact.","Local enforcement, labor, household, frontier, and nonofficial maritime experience remains unevenly visible.","Supplement only with dated memorials, local records, inscriptions, contracts, archaeology, and relevant external sources that preserve geographic scale.","represented"
"1496","4","Retain 4 records; add a cross-actor bridge only where a dated, locatable source supports it.","High for central sequence and policy reporting; regional, household, frontier, and maritime evidence is uneven.","Official reports preserve claims and categories, not uniform execution, numbers, motives, or regional impact.","Local enforcement, labor, household, frontier, and nonofficial maritime experience remains unevenly visible.","Supplement only with dated memorials, local records, inscriptions, contracts, archaeology, and relevant external sources that preserve geographic scale.","represented"
"1497","4","Retain 4 records; add a cross-actor bridge only where a dated, locatable source supports it.","High for central sequence and policy reporting; regional, household, frontier, and maritime evidence is uneven.","Official reports preserve claims and categories, not uniform execution, numbers, motives, or regional impact.","Local enforcement, labor, household, frontier, and nonofficial maritime experience remains unevenly visible.","Supplement only with dated memorials, local records, inscriptions, contracts, archaeology, and relevant external sources that preserve geographic scale.","represented"
"1498","4","Retain 4 records; add a cross-actor bridge only where a dated, locatable source supports it.","High for central sequence and policy reporting; regional, household, frontier, and maritime evidence is uneven.","Official reports preserve claims and categories, not uniform execution, numbers, motives, or regional impact.","Local enforcement, labor, household, frontier, and nonofficial maritime experience remains unevenly visible.","Supplement only with dated memorials, local records, inscriptions, contracts, archaeology, and relevant external sources that preserve geographic scale.","represented"
"1499","4","Retain 4 records; add a cross-actor bridge only where a dated, locatable source supports it.","High for central sequence and policy reporting; regional, household, frontier, and maritime evidence is uneven.","Official reports preserve claims and categories, not uniform execution, numbers, motives, or regional impact.","Local enforcement, labor, household, frontier, and nonofficial maritime experience remains unevenly visible.","Supplement only with dated memorials, local records, inscriptions, contracts, archaeology, and relevant external sources that preserve geographic scale.","represented"
"1500","5","Retain 5 records; add a cross-actor bridge only where a dated, locatable source supports it.","High for central sequence and policy reporting; regional, household, frontier, and maritime evidence is uneven.","Official reports preserve claims and categories, not uniform execution, numbers, motives, or regional impact.","Local enforcement, labor, household, frontier, and nonofficial maritime experience remains unevenly visible.","Supplement only with dated memorials, local records, inscriptions, contracts, archaeology, and relevant external sources that preserve geographic scale.","represented"
"1501","5","Retain 5 records; add a cross-actor bridge only where a dated, locatable source supports it.","High for central sequence and policy reporting; regional, household, frontier, and maritime evidence is uneven.","Official reports preserve claims and categories, not uniform execution, numbers, motives, or regional impact.","Local enforcement, labor, household, frontier, and nonofficial maritime experience remains unevenly visible.","Supplement only with dated memorials, local records, inscriptions, contracts, archaeology, and relevant external sources that preserve geographic scale.","represented"
"1502","5","Retain 5 records; add a cross-actor bridge only where a dated, locatable source supports it.","High for central sequence and policy reporting; regional, household, frontier, and maritime evidence is uneven.","Official reports preserve claims and categories, not uniform execution, numbers, motives, or regional impact.","Local enforcement, labor, household, frontier, and nonofficial maritime experience remains unevenly visible.","Supplement only with dated memorials, local records, inscriptions, contracts, archaeology, and relevant external sources that preserve geographic scale.","represented"
"1503","5","Retain 5 records; add a cross-actor bridge only where a dated, locatable source supports it.","High for central sequence and policy reporting; regional, household, frontier, and maritime evidence is uneven.","Official reports preserve claims and categories, not uniform execution, numbers, motives, or regional impact.","Local enforcement, labor, household, frontier, and nonofficial maritime experience remains unevenly visible.","Supplement only with dated memorials, local records, inscriptions, contracts, archaeology, and relevant external sources that preserve geographic scale.","represented"
"1504","5","Retain 5 records; add a cross-actor bridge only where a dated, locatable source supports it.","High for central sequence and policy reporting; regional, household, frontier, and maritime evidence is uneven.","Official reports preserve claims and categories, not uniform execution, numbers, motives, or regional impact.","Local enforcement, labor, household, frontier, and nonofficial maritime experience remains unevenly visible.","Supplement only with dated memorials, local records, inscriptions, contracts, archaeology, and relevant external sources that preserve geographic scale.","represented"
"1505","5","Retain 5 records; add a cross-actor bridge only where a dated, locatable source supports it.","High for central sequence and policy reporting; regional, household, frontier, and maritime evidence is uneven.","Official reports preserve claims and categories, not uniform execution, numbers, motives, or regional impact.","Local enforcement, labor, household, frontier, and nonofficial maritime experience remains unevenly visible.","Supplement only with dated memorials, local records, inscriptions, contracts, archaeology, and relevant external sources that preserve geographic scale.","represented"
"1506","5","Retain 5 records; add a cross-actor bridge only where a dated, locatable source supports it.","High for central sequence and policy reporting; regional, household, frontier, and maritime evidence is uneven.","Official reports preserve claims and categories, not uniform execution, numbers, motives, or regional impact.","Local enforcement, labor, household, frontier, and nonofficial maritime experience remains unevenly visible.","Supplement only with dated memorials, local records, inscriptions, contracts, archaeology, and relevant external sources that preserve geographic scale.","represented"
"1507","5","Retain 5 records; add a cross-actor bridge only where a dated, locatable source supports it.","High for central sequence and policy reporting; regional, household, frontier, and maritime evidence is uneven.","Official reports preserve claims and categories, not uniform execution, numbers, motives, or regional impact.","Local enforcement, labor, household, frontier, and nonofficial maritime experience remains unevenly visible.","Supplement only with dated memorials, local records, inscriptions, contracts, archaeology, and relevant external sources that preserve geographic scale.","represented"
"1508","5","Retain 5 records; add a cross-actor bridge only where a dated, locatable source supports it.","High for central sequence and policy reporting; regional, household, frontier, and maritime evidence is uneven.","Official reports preserve claims and categories, not uniform execution, numbers, motives, or regional impact.","Local enforcement, labor, household, frontier, and nonofficial maritime experience remains unevenly visible.","Supplement only with dated memorials, local records, inscriptions, contracts, archaeology, and relevant external sources that preserve geographic scale.","represented"
"1509","4","Retain 4 records; add a cross-actor bridge only where a dated, locatable source supports it.","High for central sequence and policy reporting; regional, household, frontier, and maritime evidence is uneven.","Official reports preserve claims and categories, not uniform execution, numbers, motives, or regional impact.","Local enforcement, labor, household, frontier, and nonofficial maritime experience remains unevenly visible.","Supplement only with dated memorials, local records, inscriptions, contracts, archaeology, and relevant external sources that preserve geographic scale.","represented"
"1510","5","Retain 5 records; add a cross-actor bridge only where a dated, locatable source supports it.","High for central sequence and policy reporting; regional, household, frontier, and maritime evidence is uneven.","Official reports preserve claims and categories, not uniform execution, numbers, motives, or regional impact.","Local enforcement, labor, household, frontier, and nonofficial maritime experience remains unevenly visible.","Supplement only with dated memorials, local records, inscriptions, contracts, archaeology, and relevant external sources that preserve geographic scale.","represented"
"1511","4","Retain 4 records; add a cross-actor bridge only where a dated, locatable source supports it.","High for central sequence and policy reporting; regional, household, frontier, and maritime evidence is uneven.","Official reports preserve claims and categories, not uniform execution, numbers, motives, or regional impact.","Local enforcement, labor, household, frontier, and nonofficial maritime experience remains unevenly visible.","Supplement only with dated memorials, local records, inscriptions, contracts, archaeology, and relevant external sources that preserve geographic scale.","represented"
"1512","4","Retain 4 records; add a cross-actor bridge only where a dated, locatable source supports it.","High for central sequence and policy reporting; regional, household, frontier, and maritime evidence is uneven.","Official reports preserve claims and categories, not uniform execution, numbers, motives, or regional impact.","Local enforcement, labor, household, frontier, and nonofficial maritime experience remains unevenly visible.","Supplement only with dated memorials, local records, inscriptions, contracts, archaeology, and relevant external sources that preserve geographic scale.","represented"
"1513","4","Retain 4 records; add a cross-actor bridge only where a dated, locatable source supports it.","High for central sequence and policy reporting; regional, household, frontier, and maritime evidence is uneven.","Official reports preserve claims and categories, not uniform execution, numbers, motives, or regional impact.","Local enforcement, labor, household, frontier, and nonofficial maritime experience remains unevenly visible.","Supplement only with dated memorials, local records, inscriptions, contracts, archaeology, and relevant external sources that preserve geographic scale.","represented"
"1514","4","Retain 4 records; add a cross-actor bridge only where a dated, locatable source supports it.","High for central sequence and policy reporting; regional, household, frontier, and maritime evidence is uneven.","Official reports preserve claims and categories, not uniform execution, numbers, motives, or regional impact.","Local enforcement, labor, household, frontier, and nonofficial maritime experience remains unevenly visible.","Supplement only with dated memorials, local records, inscriptions, contracts, archaeology, and relevant external sources that preserve geographic scale.","represented"
"1515","4","Retain 4 records; add a cross-actor bridge only where a dated, locatable source supports it.","High for central sequence and policy reporting; regional, household, frontier, and maritime evidence is uneven.","Official reports preserve claims and categories, not uniform execution, numbers, motives, or regional impact.","Local enforcement, labor, household, frontier, and nonofficial maritime experience remains unevenly visible.","Supplement only with dated memorials, local records, inscriptions, contracts, archaeology, and relevant external sources that preserve geographic scale.","represented"
"1516","4","Retain 4 records; add a cross-actor bridge only where a dated, locatable source supports it.","High for central sequence and policy reporting; regional, household, frontier, and maritime evidence is uneven.","Official reports preserve claims and categories, not uniform execution, numbers, motives, or regional impact.","Local enforcement, labor, household, frontier, and nonofficial maritime experience remains unevenly visible.","Supplement only with dated memorials, local records, inscriptions, contracts, archaeology, and relevant external sources that preserve geographic scale.","represented"
"1517","4","Retain 4 records; add a cross-actor bridge only where a dated, locatable source supports it.","High for central sequence and policy reporting; regional, household, frontier, and maritime evidence is uneven.","Official reports preserve claims and categories, not uniform execution, numbers, motives, or regional impact.","Local enforcement, labor, household, frontier, and nonofficial maritime experience remains unevenly visible.","Supplement only with dated memorials, local records, inscriptions, contracts, archaeology, and relevant external sources that preserve geographic scale.","represented"
"1518","4","Retain 4 records; add a cross-actor bridge only where a dated, locatable source supports it.","High for central sequence and policy reporting; regional, household, frontier, and maritime evidence is uneven.","Official reports preserve claims and categories, not uniform execution, numbers, motives, or regional impact.","Local enforcement, labor, household, frontier, and nonofficial maritime experience remains unevenly visible.","Supplement only with dated memorials, local records, inscriptions, contracts, archaeology, and relevant external sources that preserve geographic scale.","represented"
"1519","10","Retain 10 records; add a cross-actor bridge only where a dated, locatable source supports it.","High for central sequence and policy reporting; regional, household, frontier, and maritime evidence is uneven.","Official reports preserve claims and categories, not uniform execution, numbers, motives, or regional impact.","Local enforcement, labor, household, frontier, and nonofficial maritime experience remains unevenly visible.","Supplement only with dated memorials, local records, inscriptions, contracts, archaeology, and relevant external sources that preserve geographic scale.","represented"
"1520","4","Retain 4 records; add a cross-actor bridge only where a dated, locatable source supports it.","High for central sequence and policy reporting; regional, household, frontier, and maritime evidence is uneven.","Official reports preserve claims and categories, not uniform execution, numbers, motives, or regional impact.","Local enforcement, labor, household, frontier, and nonofficial maritime experience remains unevenly visible.","Supplement only with dated memorials, local records, inscriptions, contracts, archaeology, and relevant external sources that preserve geographic scale.","represented"
"1521","8","Retain 8 records; add a cross-actor bridge only where a dated, locatable source supports it.","High for central sequence and policy reporting; regional, household, frontier, and maritime evidence is uneven.","Official reports preserve claims and categories, not uniform execution, numbers, motives, or regional impact.","Local enforcement, labor, household, frontier, and nonofficial maritime experience remains unevenly visible.","Supplement only with dated memorials, local records, inscriptions, contracts, archaeology, and relevant external sources that preserve geographic scale.","represented"
"1522","4","Retain 4 records; add a cross-actor bridge only where a dated, locatable source supports it.","High for central sequence and policy reporting; regional, household, frontier, and maritime evidence is uneven.","Official reports preserve claims and categories, not uniform execution, numbers, motives, or regional impact.","Local enforcement, labor, household, frontier, and nonofficial maritime experience remains unevenly visible.","Supplement only with dated memorials, local records, inscriptions, contracts, archaeology, and relevant external sources that preserve geographic scale.","represented"
"1523","4","Retain 4 records; add a cross-actor bridge only where a dated, locatable source supports it.","High for central sequence and policy reporting; regional, household, frontier, and maritime evidence is uneven.","Official reports preserve claims and categories, not uniform execution, numbers, motives, or regional impact.","Local enforcement, labor, household, frontier, and nonofficial maritime experience remains unevenly visible.","Supplement only with dated memorials, local records, inscriptions, contracts, archaeology, and relevant external sources that preserve geographic scale.","represented"
"1524","4","Retain 4 records; add a cross-actor bridge only where a dated, locatable source supports it.","High for central sequence and policy reporting; regional, household, frontier, and maritime evidence is uneven.","Official reports preserve claims and categories, not uniform execution, numbers, motives, or regional impact.","Local enforcement, labor, household, frontier, and nonofficial maritime experience remains unevenly visible.","Supplement only with dated memorials, local records, inscriptions, contracts, archaeology, and relevant external sources that preserve geographic scale.","represented"
"1525","5","Retain 5 records; add a cross-actor bridge only where a dated, locatable source supports it.","High for central sequence and policy reporting; regional, household, frontier, and maritime evidence is uneven.","Official reports preserve claims and categories, not uniform execution, numbers, motives, or regional impact.","Local enforcement, labor, household, frontier, and nonofficial maritime experience remains unevenly visible.","Supplement only with dated memorials, local records, inscriptions, contracts, archaeology, and relevant external sources that preserve geographic scale.","represented"
"1526","5","Retain 5 records; add a cross-actor bridge only where a dated, locatable source supports it.","High for central sequence and policy reporting; regional, household, frontier, and maritime evidence is uneven.","Official reports preserve claims and categories, not uniform execution, numbers, motives, or regional impact.","Local enforcement, labor, household, frontier, and nonofficial maritime experience remains unevenly visible.","Supplement only with dated memorials, local records, inscriptions, contracts, archaeology, and relevant external sources that preserve geographic scale.","represented"
"1527","5","Retain 5 records; add a cross-actor bridge only where a dated, locatable source supports it.","High for central sequence and policy reporting; regional, household, frontier, and maritime evidence is uneven.","Official reports preserve claims and categories, not uniform execution, numbers, motives, or regional impact.","Local enforcement, labor, household, frontier, and nonofficial maritime experience remains unevenly visible.","Supplement only with dated memorials, local records, inscriptions, contracts, archaeology, and relevant external sources that preserve geographic scale.","represented"
"1528","5","Retain 5 records; add a cross-actor bridge only where a dated, locatable source supports it.","High for central sequence and policy reporting; regional, household, frontier, and maritime evidence is uneven.","Official reports preserve claims and categories, not uniform execution, numbers, motives, or regional impact.","Local enforcement, labor, household, frontier, and nonofficial maritime experience remains unevenly visible.","Supplement only with dated memorials, local records, inscriptions, contracts, archaeology, and relevant external sources that preserve geographic scale.","represented"
"1529","5","Retain 5 records; add a cross-actor bridge only where a dated, locatable source supports it.","High for central sequence and policy reporting; regional, household, frontier, and maritime evidence is uneven.","Official reports preserve claims and categories, not uniform execution, numbers, motives, or regional impact.","Local enforcement, labor, household, frontier, and nonofficial maritime experience remains unevenly visible.","Supplement only with dated memorials, local records, inscriptions, contracts, archaeology, and relevant external sources that preserve geographic scale.","represented"
"1530","5","Retain 5 records; add a cross-actor bridge only where a dated, locatable source supports it.","High for central sequence and policy reporting; regional, household, frontier, and maritime evidence is uneven.","Official reports preserve claims and categories, not uniform execution, numbers, motives, or regional impact.","Local enforcement, labor, household, frontier, and nonofficial maritime experience remains unevenly visible.","Supplement only with dated memorials, local records, inscriptions, contracts, archaeology, and relevant external sources that preserve geographic scale.","represented"
"1531","5","Retain 5 records; add a cross-actor bridge only where a dated, locatable source supports it.","High for central sequence and policy reporting; regional, household, frontier, and maritime evidence is uneven.","Official reports preserve claims and categories, not uniform execution, numbers, motives, or regional impact.","Local enforcement, labor, household, frontier, and nonofficial maritime experience remains unevenly visible.","Supplement only with dated memorials, local records, inscriptions, contracts, archaeology, and relevant external sources that preserve geographic scale.","represented"
"1532","5","Retain 5 records; add a cross-actor bridge only where a dated, locatable source supports it.","High for central sequence and policy reporting; regional, household, frontier, and maritime evidence is uneven.","Official reports preserve claims and categories, not uniform execution, numbers, motives, or regional impact.","Local enforcement, labor, household, frontier, and nonofficial maritime experience remains unevenly visible.","Supplement only with dated memorials, local records, inscriptions, contracts, archaeology, and relevant external sources that preserve geographic scale.","represented"
"1533","5","Retain 5 records; add a cross-actor bridge only where a dated, locatable source supports it.","High for central sequence and policy reporting; regional, household, frontier, and maritime evidence is uneven.","Official reports preserve claims and categories, not uniform execution, numbers, motives, or regional impact.","Local enforcement, labor, household, frontier, and nonofficial maritime experience remains unevenly visible.","Supplement only with dated memorials, local records, inscriptions, contracts, archaeology, and relevant external sources that preserve geographic scale.","represented"
"1534","5","Retain 5 records; add a cross-actor bridge only where a dated, locatable source supports it.","High for central sequence and policy reporting; regional, household, frontier, and maritime evidence is uneven.","Official reports preserve claims and categories, not uniform execution, numbers, motives, or regional impact.","Local enforcement, labor, household, frontier, and nonofficial maritime experience remains unevenly visible.","Supplement only with dated memorials, local records, inscriptions, contracts, archaeology, and relevant external sources that preserve geographic scale.","represented"
"1535","5","Retain 5 records; add a cross-actor bridge only where a dated, locatable source supports it.","High for central sequence and policy reporting; regional, household, frontier, and maritime evidence is uneven.","Official reports preserve claims and categories, not uniform execution, numbers, motives, or regional impact.","Local enforcement, labor, household, frontier, and nonofficial maritime experience remains unevenly visible.","Supplement only with dated memorials, local records, inscriptions, contracts, archaeology, and relevant external sources that preserve geographic scale.","represented"
"1536","5","Retain 5 records; add a cross-actor bridge only where a dated, locatable source supports it.","High for central sequence and policy reporting; regional, household, frontier, and maritime evidence is uneven.","Official reports preserve claims and categories, not uniform execution, numbers, motives, or regional impact.","Local enforcement, labor, household, frontier, and nonofficial maritime experience remains unevenly visible.","Supplement only with dated memorials, local records, inscriptions, contracts, archaeology, and relevant external sources that preserve geographic scale.","represented"
"1537","5","Retain 5 records; add a cross-actor bridge only where a dated, locatable source supports it.","High for central sequence and policy reporting; regional, household, frontier, and maritime evidence is uneven.","Official reports preserve claims and categories, not uniform execution, numbers, motives, or regional impact.","Local enforcement, labor, household, frontier, and nonofficial maritime experience remains unevenly visible.","Supplement only with dated memorials, local records, inscriptions, contracts, archaeology, and relevant external sources that preserve geographic scale.","represented"
"1538","5","Retain 5 records; add a cross-actor bridge only where a dated, locatable source supports it.","High for central sequence and policy reporting; regional, household, frontier, and maritime evidence is uneven.","Official reports preserve claims and categories, not uniform execution, numbers, motives, or regional impact.","Local enforcement, labor, household, frontier, and nonofficial maritime experience remains unevenly visible.","Supplement only with dated memorials, local records, inscriptions, contracts, archaeology, and relevant external sources that preserve geographic scale.","represented"
"1539","4","Retain 4 records; add a cross-actor bridge only where a dated, locatable source supports it.","High for central sequence and policy reporting; regional, household, frontier, and maritime evidence is uneven.","Official reports preserve claims and categories, not uniform execution, numbers, motives, or regional impact.","Local enforcement, labor, household, frontier, and nonofficial maritime experience remains unevenly visible.","Supplement only with dated memorials, local records, inscriptions, contracts, archaeology, and relevant external sources that preserve geographic scale.","represented"
"1540","4","Retain 4 records; add a cross-actor bridge only where a dated, locatable source supports it.","High for central sequence and policy reporting; regional, household, frontier, and maritime evidence is uneven.","Official reports preserve claims and categories, not uniform execution, numbers, motives, or regional impact.","Local enforcement, labor, household, frontier, and nonofficial maritime experience remains unevenly visible.","Supplement only with dated memorials, local records, inscriptions, contracts, archaeology, and relevant external sources that preserve geographic scale.","represented"
"1541","4","Retain 4 records; add a cross-actor bridge only where a dated, locatable source supports it.","High for central sequence and policy reporting; regional, household, frontier, and maritime evidence is uneven.","Official reports preserve claims and categories, not uniform execution, numbers, motives, or regional impact.","Local enforcement, labor, household, frontier, and nonofficial maritime experience remains unevenly visible.","Supplement only with dated memorials, local records, inscriptions, contracts, archaeology, and relevant external sources that preserve geographic scale.","represented"
"1542","6","Retain 6 records; add a cross-actor bridge only where a dated, locatable source supports it.","High for central sequence and policy reporting; regional, household, frontier, and maritime evidence is uneven.","Official reports preserve claims and categories, not uniform execution, numbers, motives, or regional impact.","Local enforcement, labor, household, frontier, and nonofficial maritime experience remains unevenly visible.","Supplement only with dated memorials, local records, inscriptions, contracts, archaeology, and relevant external sources that preserve geographic scale.","represented"
"1543","4","Retain 4 records; add a cross-actor bridge only where a dated, locatable source supports it.","High for central sequence and policy reporting; regional, household, frontier, and maritime evidence is uneven.","Official reports preserve claims and categories, not uniform execution, numbers, motives, or regional impact.","Local enforcement, labor, household, frontier, and nonofficial maritime experience remains unevenly visible.","Supplement only with dated memorials, local records, inscriptions, contracts, archaeology, and relevant external sources that preserve geographic scale.","represented"
"1544","4","Retain 4 records; add a cross-actor bridge only where a dated, locatable source supports it.","High for central sequence and policy reporting; regional, household, frontier, and maritime evidence is uneven.","Official reports preserve claims and categories, not uniform execution, numbers, motives, or regional impact.","Local enforcement, labor, household, frontier, and nonofficial maritime experience remains unevenly visible.","Supplement only with dated memorials, local records, inscriptions, contracts, archaeology, and relevant external sources that preserve geographic scale.","represented"
"1545","6","Retain 6 records; add a cross-actor bridge only where a dated, locatable source supports it.","High for central sequence and policy reporting; regional, household, frontier, and maritime evidence is uneven.","Official reports preserve claims and categories, not uniform execution, numbers, motives, or regional impact.","Local enforcement, labor, household, frontier, and nonofficial maritime experience remains unevenly visible.","Supplement only with dated memorials, local records, inscriptions, contracts, archaeology, and relevant external sources that preserve geographic scale.","represented"
"1546","4","Retain 4 records; add a cross-actor bridge only where a dated, locatable source supports it.","High for central sequence and policy reporting; regional, household, frontier, and maritime evidence is uneven.","Official reports preserve claims and categories, not uniform execution, numbers, motives, or regional impact.","Local enforcement, labor, household, frontier, and nonofficial maritime experience remains unevenly visible.","Supplement only with dated memorials, local records, inscriptions, contracts, archaeology, and relevant external sources that preserve geographic scale.","represented"
"1547","4","Retain 4 records; add a cross-actor bridge only where a dated, locatable source supports it.","High for central sequence and policy reporting; regional, household, frontier, and maritime evidence is uneven.","Official reports preserve claims and categories, not uniform execution, numbers, motives, or regional impact.","Local enforcement, labor, household, frontier, and nonofficial maritime experience remains unevenly visible.","Supplement only with dated memorials, local records, inscriptions, contracts, archaeology, and relevant external sources that preserve geographic scale.","represented"
"1548","6","Retain 6 records; add a cross-actor bridge only where a dated, locatable source supports it.","High for central sequence and policy reporting; regional, household, frontier, and maritime evidence is uneven.","Official reports preserve claims and categories, not uniform execution, numbers, motives, or regional impact.","Local enforcement, labor, household, frontier, and nonofficial maritime experience remains unevenly visible.","Supplement only with dated memorials, local records, inscriptions, contracts, archaeology, and relevant external sources that preserve geographic scale.","represented"
"1549","4","Retain 4 records; add a cross-actor bridge only where a dated, locatable source supports it.","High for central sequence and policy reporting; regional, household, frontier, and maritime evidence is uneven.","Official reports preserve claims and categories, not uniform execution, numbers, motives, or regional impact.","Local enforcement, labor, household, frontier, and nonofficial maritime experience remains unevenly visible.","Supplement only with dated memorials, local records, inscriptions, contracts, archaeology, and relevant external sources that preserve geographic scale.","represented"
"1550","6","Retain 6 records; add a cross-actor bridge only where a dated, locatable source supports it.","High for central sequence and policy reporting; regional, household, frontier, and maritime evidence is uneven.","Official reports preserve claims and categories, not uniform execution, numbers, motives, or regional impact.","Local enforcement, labor, household, frontier, and nonofficial maritime experience remains unevenly visible.","Supplement only with dated memorials, local records, inscriptions, contracts, archaeology, and relevant external sources that preserve geographic scale.","represented"
"1551","6","Retain 6 records; add a cross-actor bridge only where a dated, locatable source supports it.","High for central sequence and policy reporting; regional, household, frontier, and maritime evidence is uneven.","Official reports preserve claims and categories, not uniform execution, numbers, motives, or regional impact.","Local enforcement, labor, household, frontier, and nonofficial maritime experience remains unevenly visible.","Supplement only with dated memorials, local records, inscriptions, contracts, archaeology, and relevant external sources that preserve geographic scale.","represented"
"1552","5","Retain 5 records; add a cross-actor bridge only where a dated, locatable source supports it.","High for central sequence and policy reporting; regional, household, frontier, and maritime evidence is uneven.","Official reports preserve claims and categories, not uniform execution, numbers, motives, or regional impact.","Local enforcement, labor, household, frontier, and nonofficial maritime experience remains unevenly visible.","Supplement only with dated memorials, local records, inscriptions, contracts, archaeology, and relevant external sources that preserve geographic scale.","represented"
"1553","5","Retain 5 records; add a cross-actor bridge only where a dated, locatable source supports it.","High for central sequence and policy reporting; regional, household, frontier, and maritime evidence is uneven.","Official reports preserve claims and categories, not uniform execution, numbers, motives, or regional impact.","Local enforcement, labor, household, frontier, and nonofficial maritime experience remains unevenly visible.","Supplement only with dated memorials, local records, inscriptions, contracts, archaeology, and relevant external sources that preserve geographic scale.","represented"
"1554","5","Retain 5 records; add a cross-actor bridge only where a dated, locatable source supports it.","High for central sequence and policy reporting; regional, household, frontier, and maritime evidence is uneven.","Official reports preserve claims and categories, not uniform execution, numbers, motives, or regional impact.","Local enforcement, labor, household, frontier, and nonofficial maritime experience remains unevenly visible.","Supplement only with dated memorials, local records, inscriptions, contracts, archaeology, and relevant external sources that preserve geographic scale.","represented"
"1555","5","Retain 5 records; add a cross-actor bridge only where a dated, locatable source supports it.","High for central sequence and policy reporting; regional, household, frontier, and maritime evidence is uneven.","Official reports preserve claims and categories, not uniform execution, numbers, motives, or regional impact.","Local enforcement, labor, household, frontier, and nonofficial maritime experience remains unevenly visible.","Supplement only with dated memorials, local records, inscriptions, contracts, archaeology, and relevant external sources that preserve geographic scale.","represented"
"1556","5","Retain 5 records; add a cross-actor bridge only where a dated, locatable source supports it.","High for central sequence and policy reporting; regional, household, frontier, and maritime evidence is uneven.","Official reports preserve claims and categories, not uniform execution, numbers, motives, or regional impact.","Local enforcement, labor, household, frontier, and nonofficial maritime experience remains unevenly visible.","Supplement only with dated memorials, local records, inscriptions, contracts, archaeology, and relevant external sources that preserve geographic scale.","represented"
"1557","5","Retain 5 records; add a cross-actor bridge only where a dated, locatable source supports it.","High for central sequence and policy reporting; regional, household, frontier, and maritime evidence is uneven.","Official reports preserve claims and categories, not uniform execution, numbers, motives, or regional impact.","Local enforcement, labor, household, frontier, and nonofficial maritime experience remains unevenly visible.","Supplement only with dated memorials, local records, inscriptions, contracts, archaeology, and relevant external sources that preserve geographic scale.","represented"
"1558","5","Retain 5 records; add a cross-actor bridge only where a dated, locatable source supports it.","High for central sequence and policy reporting; regional, household, frontier, and maritime evidence is uneven.","Official reports preserve claims and categories, not uniform execution, numbers, motives, or regional impact.","Local enforcement, labor, household, frontier, and nonofficial maritime experience remains unevenly visible.","Supplement only with dated memorials, local records, inscriptions, contracts, archaeology, and relevant external sources that preserve geographic scale.","represented"
"1559","6","Retain 6 records; add a cross-actor bridge only where a dated, locatable source supports it.","High for central sequence and policy reporting; regional, household, frontier, and maritime evidence is uneven.","Official reports preserve claims and categories, not uniform execution, numbers, motives, or regional impact.","Local enforcement, labor, household, frontier, and nonofficial maritime experience remains unevenly visible.","Supplement only with dated memorials, local records, inscriptions, contracts, archaeology, and relevant external sources that preserve geographic scale.","represented"
"1560","5","Retain 5 records; add a cross-actor bridge only where a dated, locatable source supports it.","High for central sequence and policy reporting; regional, household, frontier, and maritime evidence is uneven.","Official reports preserve claims and categories, not uniform execution, numbers, motives, or regional impact.","Local enforcement, labor, household, frontier, and nonofficial maritime experience remains unevenly visible.","Supplement only with dated memorials, local records, inscriptions, contracts, archaeology, and relevant external sources that preserve geographic scale.","represented"
"1561","5","Retain 5 records; add a cross-actor bridge only where a dated, locatable source supports it.","High for central sequence and policy reporting; regional, household, frontier, and maritime evidence is uneven.","Official reports preserve claims and categories, not uniform execution, numbers, motives, or regional impact.","Local enforcement, labor, household, frontier, and nonofficial maritime experience remains unevenly visible.","Supplement only with dated memorials, local records, inscriptions, contracts, archaeology, and relevant external sources that preserve geographic scale.","represented"
"1562","5","Retain 5 records; add a cross-actor bridge only where a dated, locatable source supports it.","High for central sequence and policy reporting; regional, household, frontier, and maritime evidence is uneven.","Official reports preserve claims and categories, not uniform execution, numbers, motives, or regional impact.","Local enforcement, labor, household, frontier, and nonofficial maritime experience remains unevenly visible.","Supplement only with dated memorials, local records, inscriptions, contracts, archaeology, and relevant external sources that preserve geographic scale.","represented"
"1563","5","Retain 5 records; add a cross-actor bridge only where a dated, locatable source supports it.","High for central sequence and policy reporting; regional, household, frontier, and maritime evidence is uneven.","Official reports preserve claims and categories, not uniform execution, numbers, motives, or regional impact.","Local enforcement, labor, household, frontier, and nonofficial maritime experience remains unevenly visible.","Supplement only with dated memorials, local records, inscriptions, contracts, archaeology, and relevant external sources that preserve geographic scale.","represented"
"1564","5","Retain 5 records; add a cross-actor bridge only where a dated, locatable source supports it.","High for central sequence and policy reporting; regional, household, frontier, and maritime evidence is uneven.","Official reports preserve claims and categories, not uniform execution, numbers, motives, or regional impact.","Local enforcement, labor, household, frontier, and nonofficial maritime experience remains unevenly visible.","Supplement only with dated memorials, local records, inscriptions, contracts, archaeology, and relevant external sources that preserve geographic scale.","represented"
"1565","5","Retain 5 records; add a cross-actor bridge only where a dated, locatable source supports it.","High for central sequence and policy reporting; regional, household, frontier, and maritime evidence is uneven.","Official reports preserve claims and categories, not uniform execution, numbers, motives, or regional impact.","Local enforcement, labor, household, frontier, and nonofficial maritime experience remains unevenly visible.","Supplement only with dated memorials, local records, inscriptions, contracts, archaeology, and relevant external sources that preserve geographic scale.","represented"
"1566","5","Retain 5 records; add a cross-actor bridge only where a dated, locatable source supports it.","High for central sequence and policy reporting; regional, household, frontier, and maritime evidence is uneven.","Official reports preserve claims and categories, not uniform execution, numbers, motives, or regional impact.","Local enforcement, labor, household, frontier, and nonofficial maritime experience remains unevenly visible.","Supplement only with dated memorials, local records, inscriptions, contracts, archaeology, and relevant external sources that preserve geographic scale.","represented"
"1567","7","Retain 7 records; add a cross-actor bridge only where a dated, locatable source supports it.","High for central sequence and policy reporting; regional, household, frontier, and maritime evidence is uneven.","Official reports preserve claims and categories, not uniform execution, numbers, motives, or regional impact.","Local enforcement, labor, household, frontier, and nonofficial maritime experience remains unevenly visible.","Supplement only with dated memorials, local records, inscriptions, contracts, archaeology, and relevant external sources that preserve geographic scale.","represented"
"1568","5","Retain 5 records; add a cross-actor bridge only where a dated, locatable source supports it.","High for central sequence and policy reporting; regional, household, frontier, and maritime evidence is uneven.","Official reports preserve claims and categories, not uniform execution, numbers, motives, or regional impact.","Local enforcement, labor, household, frontier, and nonofficial maritime experience remains unevenly visible.","Supplement only with dated memorials, local records, inscriptions, contracts, archaeology, and relevant external sources that preserve geographic scale.","represented"
"1569","5","Retain 5 records; add a cross-actor bridge only where a dated, locatable source supports it.","High for central sequence and policy reporting; regional, household, frontier, and maritime evidence is uneven.","Official reports preserve claims and categories, not uniform execution, numbers, motives, or regional impact.","Local enforcement, labor, household, frontier, and nonofficial maritime experience remains unevenly visible.","Supplement only with dated memorials, local records, inscriptions, contracts, archaeology, and relevant external sources that preserve geographic scale.","represented"
"1570","5","Retain 5 records; add a cross-actor bridge only where a dated, locatable source supports it.","High for central sequence and policy reporting; regional, household, frontier, and maritime evidence is uneven.","Official reports preserve claims and categories, not uniform execution, numbers, motives, or regional impact.","Local enforcement, labor, household, frontier, and nonofficial maritime experience remains unevenly visible.","Supplement only with dated memorials, local records, inscriptions, contracts, archaeology, and relevant external sources that preserve geographic scale.","represented"
"1571","5","Retain 5 records; add a cross-actor bridge only where a dated, locatable source supports it.","High for central sequence and policy reporting; regional, household, frontier, and maritime evidence is uneven.","Official reports preserve claims and categories, not uniform execution, numbers, motives, or regional impact.","Local enforcement, labor, household, frontier, and nonofficial maritime experience remains unevenly visible.","Supplement only with dated memorials, local records, inscriptions, contracts, archaeology, and relevant external sources that preserve geographic scale.","represented"
"1572","5","Retain 5 records; add a cross-actor bridge only where a dated, locatable source supports it.","High for central sequence and policy reporting; regional, household, frontier, and maritime evidence is uneven.","Official reports preserve claims and categories, not uniform execution, numbers, motives, or regional impact.","Local enforcement, labor, household, frontier, and nonofficial maritime experience remains unevenly visible.","Supplement only with dated memorials, local records, inscriptions, contracts, archaeology, and relevant external sources that preserve geographic scale.","represented"
"1573","5","Retain 5 records; add a cross-actor bridge only where a dated, locatable source supports it.","High for central sequence and policy reporting; regional, household, frontier, and maritime evidence is uneven.","Official reports preserve claims and categories, not uniform execution, numbers, motives, or regional impact.","Local enforcement, labor, household, frontier, and nonofficial maritime experience remains unevenly visible.","Supplement only with dated memorials, local records, inscriptions, contracts, archaeology, and relevant external sources that preserve geographic scale.","represented"
"1574","5","Retain 5 records; add a cross-actor bridge only where a dated, locatable source supports it.","High for central sequence and policy reporting; regional, household, frontier, and maritime evidence is uneven.","Official reports preserve claims and categories, not uniform execution, numbers, motives, or regional impact.","Local enforcement, labor, household, frontier, and nonofficial maritime experience remains unevenly visible.","Supplement only with dated memorials, local records, inscriptions, contracts, archaeology, and relevant external sources that preserve geographic scale.","represented"
"1575","6","Retain 6 records; add a cross-actor bridge only where a dated, locatable source supports it.","High for central sequence and policy reporting; regional, household, frontier, and maritime evidence is uneven.","Official reports preserve claims and categories, not uniform execution, numbers, motives, or regional impact.","Local enforcement, labor, household, frontier, and nonofficial maritime experience remains unevenly visible.","Supplement only with dated memorials, local records, inscriptions, contracts, archaeology, and relevant external sources that preserve geographic scale.","represented"
"1576","6","Retain 6 records; add a cross-actor bridge only where a dated, locatable source supports it.","High for central sequence and policy reporting; regional, household, frontier, and maritime evidence is uneven.","Official reports preserve claims and categories, not uniform execution, numbers, motives, or regional impact.","Local enforcement, labor, household, frontier, and nonofficial maritime experience remains unevenly visible.","Supplement only with dated memorials, local records, inscriptions, contracts, archaeology, and relevant external sources that preserve geographic scale.","represented"
"1577","6","Retain 6 records; add a cross-actor bridge only where a dated, locatable source supports it.","High for central sequence and policy reporting; regional, household, frontier, and maritime evidence is uneven.","Official reports preserve claims and categories, not uniform execution, numbers, motives, or regional impact.","Local enforcement, labor, household, frontier, and nonofficial maritime experience remains unevenly visible.","Supplement only with dated memorials, local records, inscriptions, contracts, archaeology, and relevant external sources that preserve geographic scale.","represented"
"1578","6","Retain 6 records; add a cross-actor bridge only where a dated, locatable source supports it.","High for central sequence and policy reporting; regional, household, frontier, and maritime evidence is uneven.","Official reports preserve claims and categories, not uniform execution, numbers, motives, or regional impact.","Local enforcement, labor, household, frontier, and nonofficial maritime experience remains unevenly visible.","Supplement only with dated memorials, local records, inscriptions, contracts, archaeology, and relevant external sources that preserve geographic scale.","represented"
"1579","6","Retain 6 records; add a cross-actor bridge only where a dated, locatable source supports it.","High for central sequence and policy reporting; regional, household, frontier, and maritime evidence is uneven.","Official reports preserve claims and categories, not uniform execution, numbers, motives, or regional impact.","Local enforcement, labor, household, frontier, and nonofficial maritime experience remains unevenly visible.","Supplement only with dated memorials, local records, inscriptions, contracts, archaeology, and relevant external sources that preserve geographic scale.","represented"
"1580","6","Retain 6 records; add a cross-actor bridge only where a dated, locatable source supports it.","High for central sequence and policy reporting; regional, household, frontier, and maritime evidence is uneven.","Official reports preserve claims and categories, not uniform execution, numbers, motives, or regional impact.","Local enforcement, labor, household, frontier, and nonofficial maritime experience remains unevenly visible.","Supplement only with dated memorials, local records, inscriptions, contracts, archaeology, and relevant external sources that preserve geographic scale.","represented"
"1581","6","Retain 6 records; add a cross-actor bridge only where a dated, locatable source supports it.","High for central sequence and policy reporting; regional, household, frontier, and maritime evidence is uneven.","Official reports preserve claims and categories, not uniform execution, numbers, motives, or regional impact.","Local enforcement, labor, household, frontier, and nonofficial maritime experience remains unevenly visible.","Supplement only with dated memorials, local records, inscriptions, contracts, archaeology, and relevant external sources that preserve geographic scale.","represented"
"1582","6","Retain 6 records; add a cross-actor bridge only where a dated, locatable source supports it.","High for central sequence and policy reporting; regional, household, frontier, and maritime evidence is uneven.","Official reports preserve claims and categories, not uniform execution, numbers, motives, or regional impact.","Local enforcement, labor, household, frontier, and nonofficial maritime experience remains unevenly visible.","Supplement only with dated memorials, local records, inscriptions, contracts, archaeology, and relevant external sources that preserve geographic scale.","represented"
"1583","6","Retain 6 records; add a cross-actor bridge only where a dated, locatable source supports it.","High for central sequence and policy reporting; regional, household, frontier, and maritime evidence is uneven.","Official reports preserve claims and categories, not uniform execution, numbers, motives, or regional impact.","Local enforcement, labor, household, frontier, and nonofficial maritime experience remains unevenly visible.","Supplement only with dated memorials, local records, inscriptions, contracts, archaeology, and relevant external sources that preserve geographic scale.","represented"
"1584","7","Retain 7 records; add a cross-actor bridge only where a dated, locatable source supports it.","High for central sequence and policy reporting; regional, household, frontier, and maritime evidence is uneven.","Official reports preserve claims and categories, not uniform execution, numbers, motives, or regional impact.","Local enforcement, labor, household, frontier, and nonofficial maritime experience remains unevenly visible.","Supplement only with dated memorials, local records, inscriptions, contracts, archaeology, and relevant external sources that preserve geographic scale.","represented"
"1585","6","Retain 6 records; add a cross-actor bridge only where a dated, locatable source supports it.","High for central sequence and policy reporting; regional, household, frontier, and maritime evidence is uneven.","Official reports preserve claims and categories, not uniform execution, numbers, motives, or regional impact.","Local enforcement, labor, household, frontier, and nonofficial maritime experience remains unevenly visible.","Supplement only with dated memorials, local records, inscriptions, contracts, archaeology, and relevant external sources that preserve geographic scale.","represented"
"1586","6","Retain 6 records; add a cross-actor bridge only where a dated, locatable source supports it.","High for central sequence and policy reporting; regional, household, frontier, and maritime evidence is uneven.","Official reports preserve claims and categories, not uniform execution, numbers, motives, or regional impact.","Local enforcement, labor, household, frontier, and nonofficial maritime experience remains unevenly visible.","Supplement only with dated memorials, local records, inscriptions, contracts, archaeology, and relevant external sources that preserve geographic scale.","represented"
"1587","7","Retain 7 records; add a cross-actor bridge only where a dated, locatable source supports it.","High for central sequence and policy reporting; regional, household, frontier, and maritime evidence is uneven.","Official reports preserve claims and categories, not uniform execution, numbers, motives, or regional impact.","Local enforcement, labor, household, frontier, and nonofficial maritime experience remains unevenly visible.","Supplement only with dated memorials, local records, inscriptions, contracts, archaeology, and relevant external sources that preserve geographic scale.","represented"
"1588","5","Retain 5 records; add a cross-actor bridge only where a dated, locatable source supports it.","High for central sequence and policy reporting; regional, household, frontier, and maritime evidence is uneven.","Official reports preserve claims and categories, not uniform execution, numbers, motives, or regional impact.","Local enforcement, labor, household, frontier, and nonofficial maritime experience remains unevenly visible.","Supplement only with dated memorials, local records, inscriptions, contracts, archaeology, and relevant external sources that preserve geographic scale.","represented"
"1589","6","Retain 6 records; add a cross-actor bridge only where a dated, locatable source supports it.","High for central sequence and policy reporting; regional, household, frontier, and maritime evidence is uneven.","Official reports preserve claims and categories, not uniform execution, numbers, motives, or regional impact.","Local enforcement, labor, household, frontier, and nonofficial maritime experience remains unevenly visible.","Supplement only with dated memorials, local records, inscriptions, contracts, archaeology, and relevant external sources that preserve geographic scale.","represented"
"1590","5","Retain 5 records; add a cross-actor bridge only where a dated, locatable source supports it.","High for central sequence and policy reporting; regional, household, frontier, and maritime evidence is uneven.","Official reports preserve claims and categories, not uniform execution, numbers, motives, or regional impact.","Local enforcement, labor, household, frontier, and nonofficial maritime experience remains unevenly visible.","Supplement only with dated memorials, local records, inscriptions, contracts, archaeology, and relevant external sources that preserve geographic scale.","represented"
"1591","5","Retain 5 records; add a cross-actor bridge only where a dated, locatable source supports it.","High for central sequence and policy reporting; regional, household, frontier, and maritime evidence is uneven.","Official reports preserve claims and categories, not uniform execution, numbers, motives, or regional impact.","Local enforcement, labor, household, frontier, and nonofficial maritime experience remains unevenly visible.","Supplement only with dated memorials, local records, inscriptions, contracts, archaeology, and relevant external sources that preserve geographic scale.","represented"
"1592","10","Retain 10 records; add a cross-actor bridge only where a dated, locatable source supports it.","High for central sequence and policy reporting; regional, household, frontier, and maritime evidence is uneven.","Official reports preserve claims and categories, not uniform execution, numbers, motives, or regional impact.","Local enforcement, labor, household, frontier, and nonofficial maritime experience remains unevenly visible.","Supplement only with dated memorials, local records, inscriptions, contracts, archaeology, and relevant external sources that preserve geographic scale.","represented"
"1593","6","Retain 6 records; add a cross-actor bridge only where a dated, locatable source supports it.","High for central sequence and policy reporting; regional, household, frontier, and maritime evidence is uneven.","Official reports preserve claims and categories, not uniform execution, numbers, motives, or regional impact.","Local enforcement, labor, household, frontier, and nonofficial maritime experience remains unevenly visible.","Supplement only with dated memorials, local records, inscriptions, contracts, archaeology, and relevant external sources that preserve geographic scale.","represented"
"1594","5","Retain 5 records; add a cross-actor bridge only where a dated, locatable source supports it.","High for central sequence and policy reporting; regional, household, frontier, and maritime evidence is uneven.","Official reports preserve claims and categories, not uniform execution, numbers, motives, or regional impact.","Local enforcement, labor, household, frontier, and nonofficial maritime experience remains unevenly visible.","Supplement only with dated memorials, local records, inscriptions, contracts, archaeology, and relevant external sources that preserve geographic scale.","represented"
"1595","5","Retain 5 records; add a cross-actor bridge only where a dated, locatable source supports it.","High for central sequence and policy reporting; regional, household, frontier, and maritime evidence is uneven.","Official reports preserve claims and categories, not uniform execution, numbers, motives, or regional impact.","Local enforcement, labor, household, frontier, and nonofficial maritime experience remains unevenly visible.","Supplement only with dated memorials, local records, inscriptions, contracts, archaeology, and relevant external sources that preserve geographic scale.","represented"
"1596","6","Retain 6 records; add a cross-actor bridge only where a dated, locatable source supports it.","High for central sequence and policy reporting; regional, household, frontier, and maritime evidence is uneven.","Official reports preserve claims and categories, not uniform execution, numbers, motives, or regional impact.","Local enforcement, labor, household, frontier, and nonofficial maritime experience remains unevenly visible.","Supplement only with dated memorials, local records, inscriptions, contracts, archaeology, and relevant external sources that preserve geographic scale.","represented"
"1597","6","Retain 6 records; add a cross-actor bridge only where a dated, locatable source supports it.","High for central sequence and policy reporting; regional, household, frontier, and maritime evidence is uneven.","Official reports preserve claims and categories, not uniform execution, numbers, motives, or regional impact.","Local enforcement, labor, household, frontier, and nonofficial maritime experience remains unevenly visible.","Supplement only with dated memorials, local records, inscriptions, contracts, archaeology, and relevant external sources that preserve geographic scale.","represented"
"1598","10","Retain 10 records; add a cross-actor bridge only where a dated, locatable source supports it.","High for central sequence and policy reporting; regional, household, frontier, and maritime evidence is uneven.","Official reports preserve claims and categories, not uniform execution, numbers, motives, or regional impact.","Local enforcement, labor, household, frontier, and nonofficial maritime experience remains unevenly visible.","Supplement only with dated memorials, local records, inscriptions, contracts, archaeology, and relevant external sources that preserve geographic scale.","represented"
"1599","6","Retain 6 records; add a cross-actor bridge only where a dated, locatable source supports it.","High for central sequence and policy reporting; regional, household, frontier, and maritime evidence is uneven.","Official reports preserve claims and categories, not uniform execution, numbers, motives, or regional impact.","Local enforcement, labor, household, frontier, and nonofficial maritime experience remains unevenly visible.","Supplement only with dated memorials, local records, inscriptions, contracts, archaeology, and relevant external sources that preserve geographic scale.","represented"
"1600","7","Retain 7 records; add a cross-actor bridge only where a dated, locatable source supports it.","High for central sequence and policy reporting; regional, household, frontier, and maritime evidence is uneven.","Official reports preserve claims and categories, not uniform execution, numbers, motives, or regional impact.","Local enforcement, labor, household, frontier, and nonofficial maritime experience remains unevenly visible.","Supplement only with dated memorials, local records, inscriptions, contracts, archaeology, and relevant external sources that preserve geographic scale.","represented"
"1601","8","Retain 8 records; add a cross-actor bridge only where a dated, locatable source supports it.","High for central sequence and policy reporting; regional, household, frontier, and maritime evidence is uneven.","Official reports preserve claims and categories, not uniform execution, numbers, motives, or regional impact.","Local enforcement, labor, household, frontier, and nonofficial maritime experience remains unevenly visible.","Supplement only with dated memorials, local records, inscriptions, contracts, archaeology, and relevant external sources that preserve geographic scale.","represented"
"1602","7","Retain 7 records; add a cross-actor bridge only where a dated, locatable source supports it.","High for central sequence and policy reporting; regional, household, frontier, and maritime evidence is uneven.","Official reports preserve claims and categories, not uniform execution, numbers, motives, or regional impact.","Local enforcement, labor, household, frontier, and nonofficial maritime experience remains unevenly visible.","Supplement only with dated memorials, local records, inscriptions, contracts, archaeology, and relevant external sources that preserve geographic scale.","represented"
"1603","7","Retain 7 records; add a cross-actor bridge only where a dated, locatable source supports it.","High for central sequence and policy reporting; regional, household, frontier, and maritime evidence is uneven.","Official reports preserve claims and categories, not uniform execution, numbers, motives, or regional impact.","Local enforcement, labor, household, frontier, and nonofficial maritime experience remains unevenly visible.","Supplement only with dated memorials, local records, inscriptions, contracts, archaeology, and relevant external sources that preserve geographic scale.","represented"
"1604","7","Retain 7 records; add a cross-actor bridge only where a dated, locatable source supports it.","High for central sequence and policy reporting; regional, household, frontier, and maritime evidence is uneven.","Official reports preserve claims and categories, not uniform execution, numbers, motives, or regional impact.","Local enforcement, labor, household, frontier, and nonofficial maritime experience remains unevenly visible.","Supplement only with dated memorials, local records, inscriptions, contracts, archaeology, and relevant external sources that preserve geographic scale.","represented"
"1605","6","Retain 6 records; add a cross-actor bridge only where a dated, locatable source supports it.","High for central sequence and policy reporting; regional, household, frontier, and maritime evidence is uneven.","Official reports preserve claims and categories, not uniform execution, numbers, motives, or regional impact.","Local enforcement, labor, household, frontier, and nonofficial maritime experience remains unevenly visible.","Supplement only with dated memorials, local records, inscriptions, contracts, archaeology, and relevant external sources that preserve geographic scale.","represented"
"1606","7","Retain 7 records; add a cross-actor bridge only where a dated, locatable source supports it.","High for central sequence and policy reporting; regional, household, frontier, and maritime evidence is uneven.","Official reports preserve claims and categories, not uniform execution, numbers, motives, or regional impact.","Local enforcement, labor, household, frontier, and nonofficial maritime experience remains unevenly visible.","Supplement only with dated memorials, local records, inscriptions, contracts, archaeology, and relevant external sources that preserve geographic scale.","represented"
"1607","6","Retain 6 records; add a cross-actor bridge only where a dated, locatable source supports it.","High for central sequence and policy reporting; regional, household, frontier, and maritime evidence is uneven.","Official reports preserve claims and categories, not uniform execution, numbers, motives, or regional impact.","Local enforcement, labor, household, frontier, and nonofficial maritime experience remains unevenly visible.","Supplement only with dated memorials, local records, inscriptions, contracts, archaeology, and relevant external sources that preserve geographic scale.","represented"
"1608","6","Retain 6 records; add a cross-actor bridge only where a dated, locatable source supports it.","High for central sequence and policy reporting; regional, household, frontier, and maritime evidence is uneven.","Official reports preserve claims and categories, not uniform execution, numbers, motives, or regional impact.","Local enforcement, labor, household, frontier, and nonofficial maritime experience remains unevenly visible.","Supplement only with dated memorials, local records, inscriptions, contracts, archaeology, and relevant external sources that preserve geographic scale.","represented"
"1609","6","Retain 6 records; add a cross-actor bridge only where a dated, locatable source supports it.","High for central sequence and policy reporting; regional, household, frontier, and maritime evidence is uneven.","Official reports preserve claims and categories, not uniform execution, numbers, motives, or regional impact.","Local enforcement, labor, household, frontier, and nonofficial maritime experience remains unevenly visible.","Supplement only with dated memorials, local records, inscriptions, contracts, archaeology, and relevant external sources that preserve geographic scale.","represented"
"1610","6","Retain 6 records; add a cross-actor bridge only where a dated, locatable source supports it.","High for central sequence and policy reporting; regional, household, frontier, and maritime evidence is uneven.","Official reports preserve claims and categories, not uniform execution, numbers, motives, or regional impact.","Local enforcement, labor, household, frontier, and nonofficial maritime experience remains unevenly visible.","Supplement only with dated memorials, local records, inscriptions, contracts, archaeology, and relevant external sources that preserve geographic scale.","represented"
"1611","6","Retain 6 records; add a cross-actor bridge only where a dated, locatable source supports it.","High for central sequence and policy reporting; regional, household, frontier, and maritime evidence is uneven.","Official reports preserve claims and categories, not uniform execution, numbers, motives, or regional impact.","Local enforcement, labor, household, frontier, and nonofficial maritime experience remains unevenly visible.","Supplement only with dated memorials, local records, inscriptions, contracts, archaeology, and relevant external sources that preserve geographic scale.","represented"
"1612","6","Retain 6 records; add a cross-actor bridge only where a dated, locatable source supports it.","High for central sequence and policy reporting; regional, household, frontier, and maritime evidence is uneven.","Official reports preserve claims and categories, not uniform execution, numbers, motives, or regional impact.","Local enforcement, labor, household, frontier, and nonofficial maritime experience remains unevenly visible.","Supplement only with dated memorials, local records, inscriptions, contracts, archaeology, and relevant external sources that preserve geographic scale.","represented"
"1613","7","Retain 7 records; add a cross-actor bridge only where a dated, locatable source supports it.","High for central sequence and policy reporting; regional, household, frontier, and maritime evidence is uneven.","Official reports preserve claims and categories, not uniform execution, numbers, motives, or regional impact.","Local enforcement, labor, household, frontier, and nonofficial maritime experience remains unevenly visible.","Supplement only with dated memorials, local records, inscriptions, contracts, archaeology, and relevant external sources that preserve geographic scale.","represented"
"1614","6","Retain 6 records; add a cross-actor bridge only where a dated, locatable source supports it.","High for central sequence and policy reporting; regional, household, frontier, and maritime evidence is uneven.","Official reports preserve claims and categories, not uniform execution, numbers, motives, or regional impact.","Local enforcement, labor, household, frontier, and nonofficial maritime experience remains unevenly visible.","Supplement only with dated memorials, local records, inscriptions, contracts, archaeology, and relevant external sources that preserve geographic scale.","represented"
"1615","7","Retain 7 records; add a cross-actor bridge only where a dated, locatable source supports it.","High for central sequence and policy reporting; regional, household, frontier, and maritime evidence is uneven.","Official reports preserve claims and categories, not uniform execution, numbers, motives, or regional impact.","Local enforcement, labor, household, frontier, and nonofficial maritime experience remains unevenly visible.","Supplement only with dated memorials, local records, inscriptions, contracts, archaeology, and relevant external sources that preserve geographic scale.","represented"
"1616","7","Retain 7 records; add a cross-actor bridge only where a dated, locatable source supports it.","High for central sequence and policy reporting; regional, household, frontier, and maritime evidence is uneven.","Official reports preserve claims and categories, not uniform execution, numbers, motives, or regional impact.","Local enforcement, labor, household, frontier, and nonofficial maritime experience remains unevenly visible.","Supplement only with dated memorials, local records, inscriptions, contracts, archaeology, and relevant external sources that preserve geographic scale.","represented"
"1617","7","Retain 7 records; add a cross-actor bridge only where a dated, locatable source supports it.","High for central sequence and policy reporting; regional, household, frontier, and maritime evidence is uneven.","Official reports preserve claims and categories, not uniform execution, numbers, motives, or regional impact.","Local enforcement, labor, household, frontier, and nonofficial maritime experience remains unevenly visible.","Supplement only with dated memorials, local records, inscriptions, contracts, archaeology, and relevant external sources that preserve geographic scale.","represented"
"1618","6","Retain 6 records; add a cross-actor bridge only where a dated, locatable source supports it.","High for central sequence and policy reporting; regional, household, frontier, and maritime evidence is uneven.","Official reports preserve claims and categories, not uniform execution, numbers, motives, or regional impact.","Local enforcement, labor, household, frontier, and nonofficial maritime experience remains unevenly visible.","Supplement only with dated memorials, local records, inscriptions, contracts, archaeology, and relevant external sources that preserve geographic scale.","represented"
"1619","6","Retain 6 records; add a cross-actor bridge only where a dated, locatable source supports it.","High for central sequence and policy reporting; regional, household, frontier, and maritime evidence is uneven.","Official reports preserve claims and categories, not uniform execution, numbers, motives, or regional impact.","Local enforcement, labor, household, frontier, and nonofficial maritime experience remains unevenly visible.","Supplement only with dated memorials, local records, inscriptions, contracts, archaeology, and relevant external sources that preserve geographic scale.","represented"
"1620","6","Retain 6 records; add a cross-actor bridge only where a dated, locatable source supports it.","High for central sequence and policy reporting; regional, household, frontier, and maritime evidence is uneven.","Official reports preserve claims and categories, not uniform execution, numbers, motives, or regional impact.","Local enforcement, labor, household, frontier, and nonofficial maritime experience remains unevenly visible.","Supplement only with dated memorials, local records, inscriptions, contracts, archaeology, and relevant external sources that preserve geographic scale.","represented"
"1621","6","Retain 6 records; add a cross-actor bridge only where a dated, locatable source supports it.","High for central sequence and policy reporting; regional, household, frontier, and maritime evidence is uneven.","Official reports preserve claims and categories, not uniform execution, numbers, motives, or regional impact.","Local enforcement, labor, household, frontier, and nonofficial maritime experience remains unevenly visible.","Supplement only with dated memorials, local records, inscriptions, contracts, archaeology, and relevant external sources that preserve geographic scale.","represented"
"1622","8","Retain 8 records; add a cross-actor bridge only where a dated, locatable source supports it.","High for central sequence and policy reporting; regional, household, frontier, and maritime evidence is uneven.","Official reports preserve claims and categories, not uniform execution, numbers, motives, or regional impact.","Local enforcement, labor, household, frontier, and nonofficial maritime experience remains unevenly visible.","Supplement only with dated memorials, local records, inscriptions, contracts, archaeology, and relevant external sources that preserve geographic scale.","represented"
"1623","6","Retain 6 records; add a cross-actor bridge only where a dated, locatable source supports it.","High for central sequence and policy reporting; regional, household, frontier, and maritime evidence is uneven.","Official reports preserve claims and categories, not uniform execution, numbers, motives, or regional impact.","Local enforcement, labor, household, frontier, and nonofficial maritime experience remains unevenly visible.","Supplement only with dated memorials, local records, inscriptions, contracts, archaeology, and relevant external sources that preserve geographic scale.","represented"
"1624","7","Retain 7 records; add a cross-actor bridge only where a dated, locatable source supports it.","High for central sequence and policy reporting; regional, household, frontier, and maritime evidence is uneven.","Official reports preserve claims and categories, not uniform execution, numbers, motives, or regional impact.","Local enforcement, labor, household, frontier, and nonofficial maritime experience remains unevenly visible.","Supplement only with dated memorials, local records, inscriptions, contracts, archaeology, and relevant external sources that preserve geographic scale.","represented"
"1625","10","Retain 10 records; add a cross-actor bridge only where a dated, locatable source supports it.","High for central sequence and policy reporting; regional, household, frontier, and maritime evidence is uneven.","Official reports preserve claims and categories, not uniform execution, numbers, motives, or regional impact.","Local enforcement, labor, household, frontier, and nonofficial maritime experience remains unevenly visible.","Supplement only with dated memorials, local records, inscriptions, contracts, archaeology, and relevant external sources that preserve geographic scale.","represented"
"1626","9","Retain 9 records; add a cross-actor bridge only where a dated, locatable source supports it.","High for central sequence and policy reporting; regional, household, frontier, and maritime evidence is uneven.","Official reports preserve claims and categories, not uniform execution, numbers, motives, or regional impact.","Local enforcement, labor, household, frontier, and nonofficial maritime experience remains unevenly visible.","Supplement only with dated memorials, local records, inscriptions, contracts, archaeology, and relevant external sources that preserve geographic scale.","represented"
"1627","10","Retain 10 records; add a cross-actor bridge only where a dated, locatable source supports it.","High for central sequence and policy reporting; regional, household, frontier, and maritime evidence is uneven.","Official reports preserve claims and categories, not uniform execution, numbers, motives, or regional impact.","Local enforcement, labor, household, frontier, and nonofficial maritime experience remains unevenly visible.","Supplement only with dated memorials, local records, inscriptions, contracts, archaeology, and relevant external sources that preserve geographic scale.","represented"
"1628","10","Retain 10 records; add a cross-actor bridge only where a dated, locatable source supports it.","Uneven: memorials, archives, local records, and later narratives survive, but no Chongzhen Veritable Records exists.","No Chongzhen Veritable Records survives; later histories and eyewitness accounts cannot by themselves settle numbers, motives, or provincial experience.","Local survival, military labor, migration, provincial finance, and insurgent or frontier perspectives remain unevenly visible.","Build only dated, locatable bridges from memorials, cabinet archives, local records, opposing-polity materials, and near-contemporary accounts; preserve unresolved conflicts.","represented"
"1629","10","Retain 10 records; add a cross-actor bridge only where a dated, locatable source supports it.","Uneven: memorials, archives, local records, and later narratives survive, but no Chongzhen Veritable Records exists.","No Chongzhen Veritable Records survives; later histories and eyewitness accounts cannot by themselves settle numbers, motives, or provincial experience.","Local survival, military labor, migration, provincial finance, and insurgent or frontier perspectives remain unevenly visible.","Build only dated, locatable bridges from memorials, cabinet archives, local records, opposing-polity materials, and near-contemporary accounts; preserve unresolved conflicts.","represented"
"1630","9","Retain 9 records; add a cross-actor bridge only where a dated, locatable source supports it.","Uneven: memorials, archives, local records, and later narratives survive, but no Chongzhen Veritable Records exists.","No Chongzhen Veritable Records survives; later histories and eyewitness accounts cannot by themselves settle numbers, motives, or provincial experience.","Local survival, military labor, migration, provincial finance, and insurgent or frontier perspectives remain unevenly visible.","Build only dated, locatable bridges from memorials, cabinet archives, local records, opposing-polity materials, and near-contemporary accounts; preserve unresolved conflicts.","represented"
"1631","9","Retain 9 records; add a cross-actor bridge only where a dated, locatable source supports it.","Uneven: memorials, archives, local records, and later narratives survive, but no Chongzhen Veritable Records exists.","No Chongzhen Veritable Records survives; later histories and eyewitness accounts cannot by themselves settle numbers, motives, or provincial experience.","Local survival, military labor, migration, provincial finance, and insurgent or frontier perspectives remain unevenly visible.","Build only dated, locatable bridges from memorials, cabinet archives, local records, opposing-polity materials, and near-contemporary accounts; preserve unresolved conflicts.","represented"
"1632","9","Retain 9 records; add a cross-actor bridge only where a dated, locatable source supports it.","Uneven: memorials, archives, local records, and later narratives survive, but no Chongzhen Veritable Records exists.","No Chongzhen Veritable Records survives; later histories and eyewitness accounts cannot by themselves settle numbers, motives, or provincial experience.","Local survival, military labor, migration, provincial finance, and insurgent or frontier perspectives remain unevenly visible.","Build only dated, locatable bridges from memorials, cabinet archives, local records, opposing-polity materials, and near-contemporary accounts; preserve unresolved conflicts.","represented"
"1633","9","Retain 9 records; add a cross-actor bridge only where a dated, locatable source supports it.","Uneven: memorials, archives, local records, and later narratives survive, but no Chongzhen Veritable Records exists.","No Chongzhen Veritable Records survives; later histories and eyewitness accounts cannot by themselves settle numbers, motives, or provincial experience.","Local survival, military labor, migration, provincial finance, and insurgent or frontier perspectives remain unevenly visible.","Build only dated, locatable bridges from memorials, cabinet archives, local records, opposing-polity materials, and near-contemporary accounts; preserve unresolved conflicts.","represented"
"1634","8","Retain 8 records; add a cross-actor bridge only where a dated, locatable source supports it.","Uneven: memorials, archives, local records, and later narratives survive, but no Chongzhen Veritable Records exists.","No Chongzhen Veritable Records survives; later histories and eyewitness accounts cannot by themselves settle numbers, motives, or provincial experience.","Local survival, military labor, migration, provincial finance, and insurgent or frontier perspectives remain unevenly visible.","Build only dated, locatable bridges from memorials, cabinet archives, local records, opposing-polity materials, and near-contemporary accounts; preserve unresolved conflicts.","represented"
"1635","9","Retain 9 records; add a cross-actor bridge only where a dated, locatable source supports it.","Uneven: memorials, archives, local records, and later narratives survive, but no Chongzhen Veritable Records exists.","No Chongzhen Veritable Records survives; later histories and eyewitness accounts cannot by themselves settle numbers, motives, or provincial experience.","Local survival, military labor, migration, provincial finance, and insurgent or frontier perspectives remain unevenly visible.","Build only dated, locatable bridges from memorials, cabinet archives, local records, opposing-polity materials, and near-contemporary accounts; preserve unresolved conflicts.","represented"
"1636","9","Retain 9 records; add a cross-actor bridge only where a dated, locatable source supports it.","Uneven: memorials, archives, local records, and later narratives survive, but no Chongzhen Veritable Records exists.","No Chongzhen Veritable Records survives; later histories and eyewitness accounts cannot by themselves settle numbers, motives, or provincial experience.","Local survival, military labor, migration, provincial finance, and insurgent or frontier perspectives remain unevenly visible.","Build only dated, locatable bridges from memorials, cabinet archives, local records, opposing-polity materials, and near-contemporary accounts; preserve unresolved conflicts.","represented"
"1637","8","Retain 8 records; add a cross-actor bridge only where a dated, locatable source supports it.","Uneven: memorials, archives, local records, and later narratives survive, but no Chongzhen Veritable Records exists.","No Chongzhen Veritable Records survives; later histories and eyewitness accounts cannot by themselves settle numbers, motives, or provincial experience.","Local survival, military labor, migration, provincial finance, and insurgent or frontier perspectives remain unevenly visible.","Build only dated, locatable bridges from memorials, cabinet archives, local records, opposing-polity materials, and near-contemporary accounts; preserve unresolved conflicts.","represented"
"1638","8","Retain 8 records; add a cross-actor bridge only where a dated, locatable source supports it.","Uneven: memorials, archives, local records, and later narratives survive, but no Chongzhen Veritable Records exists.","No Chongzhen Veritable Records survives; later histories and eyewitness accounts cannot by themselves settle numbers, motives, or provincial experience.","Local survival, military labor, migration, provincial finance, and insurgent or frontier perspectives remain unevenly visible.","Build only dated, locatable bridges from memorials, cabinet archives, local records, opposing-polity materials, and near-contemporary accounts; preserve unresolved conflicts.","represented"
"1639","7","Retain 7 records; add a cross-actor bridge only where a dated, locatable source supports it.","Uneven: memorials, archives, local records, and later narratives survive, but no Chongzhen Veritable Records exists.","No Chongzhen Veritable Records survives; later histories and eyewitness accounts cannot by themselves settle numbers, motives, or provincial experience.","Local survival, military labor, migration, provincial finance, and insurgent or frontier perspectives remain unevenly visible.","Build only dated, locatable bridges from memorials, cabinet archives, local records, opposing-polity materials, and near-contemporary accounts; preserve unresolved conflicts.","represented"
"1640","8","Retain 8 records; add a cross-actor bridge only where a dated, locatable source supports it.","Uneven: memorials, archives, local records, and later narratives survive, but no Chongzhen Veritable Records exists.","No Chongzhen Veritable Records survives; later histories and eyewitness accounts cannot by themselves settle numbers, motives, or provincial experience.","Local survival, military labor, migration, provincial finance, and insurgent or frontier perspectives remain unevenly visible.","Build only dated, locatable bridges from memorials, cabinet archives, local records, opposing-polity materials, and near-contemporary accounts; preserve unresolved conflicts.","represented"
"1641","9","Retain 9 records; add a cross-actor bridge only where a dated, locatable source supports it.","Uneven: memorials, archives, local records, and later narratives survive, but no Chongzhen Veritable Records exists.","No Chongzhen Veritable Records survives; later histories and eyewitness accounts cannot by themselves settle numbers, motives, or provincial experience.","Local survival, military labor, migration, provincial finance, and insurgent or frontier perspectives remain unevenly visible.","Build only dated, locatable bridges from memorials, cabinet archives, local records, opposing-polity materials, and near-contemporary accounts; preserve unresolved conflicts.","represented"
"1642","9","Retain 9 records; add a cross-actor bridge only where a dated, locatable source supports it.","Uneven: memorials, archives, local records, and later narratives survive, but no Chongzhen Veritable Records exists.","No Chongzhen Veritable Records survives; later histories and eyewitness accounts cannot by themselves settle numbers, motives, or provincial experience.","Local survival, military labor, migration, provincial finance, and insurgent or frontier perspectives remain unevenly visible.","Build only dated, locatable bridges from memorials, cabinet archives, local records, opposing-polity materials, and near-contemporary accounts; preserve unresolved conflicts.","represented"
"1643","9","Retain 9 records; add a cross-actor bridge only where a dated, locatable source supports it.","Uneven: memorials, archives, local records, and later narratives survive, but no Chongzhen Veritable Records exists.","No Chongzhen Veritable Records survives; later histories and eyewitness accounts cannot by themselves settle numbers, motives, or provincial experience.","Local survival, military labor, migration, provincial finance, and insurgent or frontier perspectives remain unevenly visible.","Build only dated, locatable bridges from memorials, cabinet archives, local records, opposing-polity materials, and near-contemporary accounts; preserve unresolved conflicts.","represented"
"1644","9","Retain 9 records; add a cross-actor bridge only where a dated, locatable source supports it.","Uneven: memorials, archives, local records, and later narratives survive, but no Chongzhen Veritable Records exists.","No Chongzhen Veritable Records survives; later histories and eyewitness accounts cannot by themselves settle numbers, motives, or provincial experience.","Local survival, military labor, migration, provincial finance, and insurgent or frontier perspectives remain unevenly visible.","Build only dated, locatable bridges from memorials, cabinet archives, local records, opposing-polity materials, and near-contemporary accounts; preserve unresolved conflicts.","represented"
